path	fork_blob_sha	upstream_blob_sha	relation	upstream_head
.cargo/config.toml	8e7c3afd3133186b9ee0527a412f250f8d4e8ed7	8e7c3afd3133186b9ee0527a412f250f8d4e8ed7	EXACT	6aab490a26124663329dfd3961b8469f8fdb158b
.git-blame-ignore-revs	6e814e69e5f1b799cf546f7ee16157f49a69ebe0	6e814e69e5f1b799cf546f7ee16157f49a69ebe0	EXACT	6aab490a26124663329dfd3961b8469f8fdb158b
.github/workflows/build_b3sum.py	291fc35ed2c58ca457e23bc40620aff49bfc3646	f0e1787c75e8e40320045ccdd3853ce8dea7a52d	DIVERGENT	6aab490a26124663329dfd3961b8469f8fdb158b
.github/workflows/ci.yml	f7dd8c053acc2c215032a17482273a2ca00d90e5	f7dd8c053acc2c215032a17482273a2ca00d90e5	EXACT	6aab490a26124663329dfd3961b8469f8fdb158b
.github/workflows/tag.yml	61be4ff991c29d481cc0b2017ed3c3200585b6b0	61be4ff991c29d481cc0b2017ed3c3200585b6b0	EXACT	6aab490a26124663329dfd3961b8469f8fdb158b
.github/workflows/upload_github_release_asset.py	c757c82768d04f814ba32aabff01cf96fb065180	76340bee3986b43c78ee0a140b1cb326e9040029	DIVERGENT	6aab490a26124663329dfd3961b8469f8fdb158b
.gitignore	87d5c607040cfcd17ff0185c76f8cad43b3080e4	fa8d85ac52f19959d6fc9942c265708b4b3c2b04	DIVERGENT	6aab490a26124663329dfd3961b8469f8fdb158b
CONTRIBUTING.md	3a605f255e8cfd344c202bef8fe1645fd49a2095	3a605f255e8cfd344c202bef8fe1645fd49a2095	EXACT	6aab490a26124663329dfd3961b8469f8fdb158b
Captura de tela 2026-05-05 113924.png	81c26de24ff3259408d4d83d7d8a4113a8cd1968	ABSENT	ABSENT	6aab490a26124663329dfd3961b8469f8fdb158b
Captura de tela 2026-05-05 114103.png	f7210f63b7451c1b16fe1e22c4d305934639d4b5	ABSENT	ABSENT	6aab490a26124663329dfd3961b8469f8fdb158b
Captura de tela 2026-05-05 114228.png	bb15f83977a04746b8e2f9dd940ee7728d819373	ABSENT	ABSENT	6aab490a26124663329dfd3961b8469f8fdb158b
Captura de tela 2026-05-05 114404.png	b4261184570134730586dc5580b6cfa6740ed90d	ABSENT	ABSENT	6aab490a26124663329dfd3961b8469f8fdb158b
Captura de tela 2026-05-05 114537.png	6622a24969e399fff5febfd6c4e25fc5f9a5a30b	ABSENT	ABSENT	6aab490a26124663329dfd3961b8469f8fdb158b
Captura de tela 2026-05-05 114557.png	68d337ac5f243695fc6177ee74a80210ef0fba7c	ABSENT	ABSENT	6aab490a26124663329dfd3961b8469f8fdb158b
Captura de tela 2026-05-05 114839.png	c29b58d9f15057d931dbfe8256ee76ab211d3b29	ABSENT	ABSENT	6aab490a26124663329dfd3961b8469f8fdb158b
Captura de tela 2026-05-05 115346.png	41e5de5d42a0f1145f7a27d1b5e4e6b8b4b7aba4	ABSENT	ABSENT	6aab490a26124663329dfd3961b8469f8fdb158b
Cargo.toml	e494ebc8ee6301db3d0cac984d731a9a9ca5823b	dfde8104a5d60679081b3c459ef5da0278b5bc67	DIVERGENT	6aab490a26124663329dfd3961b8469f8fdb158b
LICENSE_A2	d512ca94d0ca6bf6a7272b16c83f51b7045902ca	d512ca94d0ca6bf6a7272b16c83f51b7045902ca	EXACT	6aab490a26124663329dfd3961b8469f8fdb158b
LICENSE_A2LLVM	8d11bec0e86f88276b155cd3214a3de45cdafeb7	8d11bec0e86f88276b155cd3214a3de45cdafeb7	EXACT	6aab490a26124663329dfd3961b8469f8fdb158b
LICENSE_CC0	0e259d42c996742e9e3cba14c677129b2c1b6311	0e259d42c996742e9e3cba14c677129b2c1b6311	EXACT	6aab490a26124663329dfd3961b8469f8fdb158b
README.md	05682b9db5882759c7d711a037ab29c7cff5c715	f38fee51c12044f29b78cfb0793880d0367a287e	DIVERGENT	6aab490a26124663329dfd3961b8469f8fdb158b
THIRD_PARTY_NOTICES_RAFAELIA.md	915f2e1b40ae77e4d400175f59eff89bd654f202	ABSENT	ABSENT	6aab490a26124663329dfd3961b8469f8fdb158b
build.rs	7f4520e512e0b02b56456acf0171e3085d433c18	7f4520e512e0b02b56456acf0171e3085d433c18	EXACT	6aab490a26124663329dfd3961b8469f8fdb158b
docs/RAFAELIA_BLACKTRAIN_NORMATIVE_EXECUTION_AUDIT.md	8845a216624626daa8e5259d1b83cc9498b137a2	ABSENT	ABSENT	6aab490a26124663329dfd3961b8469f8fdb158b
docs/RAFAELIA_BLACKTRAIN_READY_STATUS.md	810d9b9ba3cdf23ca2c8dc8806d7a21667f7a24f	ABSENT	ABSENT	6aab490a26124663329dfd3961b8469f8fdb158b
docs/RAFAELIA_BLAKE3_BINARY_SIZE_AND_ENCODING_AUDIT.md	ef7204213c01248e3437f2844d7a9f6af5f8ff05	ABSENT	ABSENT	6aab490a26124663329dfd3961b8469f8fdb158b
docs/RAFAELIA_BLAKE3_BUILD_ORCHESTRATION.md	1656b8b0189613fa2b196ddac2f0a3f5fef34b60	ABSENT	ABSENT	6aab490a26124663329dfd3961b8469f8fdb158b
docs/RAFAELIA_BLAKE3_DIMENSIONAL_AUDIT.md	10d1760f78f4579a806802c4730fea6b0cbf85df	ABSENT	ABSENT	6aab490a26124663329dfd3961b8469f8fdb158b
docs/RAFAELIA_PRIORITY_MATRIX.md	a82c729d316e0e84067a92d51059f443eb1ce7e9	ABSENT	ABSENT	6aab490a26124663329dfd3961b8469f8fdb158b
docs/rafaelia/ECOSSISTEMA_RMR_RAFAELIA_PONTEIRO.md	c2ceaf7452712ad44fd0d1571a40e45c7251d660	ABSENT	ABSENT	6aab490a26124663329dfd3961b8469f8fdb158b
docs/rafaelia/RMR_BLAKE3_BINARY_ORCHESTRATION_VS_FIBERHAGA.md	a8a674ba0e7295db6544ec74082705ff1bd84054	ABSENT	ABSENT	6aab490a26124663329dfd3961b8469f8fdb158b
docs/rafaelia/RMR_INFRAESTRUTURA_CRITICA_DADOS_IA_CUSTODIA_BLAKE3.md	6885e00b9b2bbde3810b3fb78d74ed46275111cd	ABSENT	ABSENT	6aab490a26124663329dfd3961b8469f8fdb158b
docs/rafaelia/RMR_LICENSE_FIBER_H_BOUNDARY.md	ef843f958f11f142137e8b56c87747c99f385283	ABSENT	ABSENT	6aab490a26124663329dfd3961b8469f8fdb158b
docs/rafaelia/RMR_MATERIAL_HAZARD_CUSTODY_PROFILE_V1.md	97a131620a4f0c3439736f1e5941b382dd1e6a11	ABSENT	ABSENT	6aab490a26124663329dfd3961b8469f8fdb158b
docs/rafaelia/VERIFIED_PACKET_CUSTODY_V1.md	13013f2efd6eb1df98848a3d31d6bf7a0c002ff2	ABSENT	ABSENT	6aab490a26124663329dfd3961b8469f8fdb158b
rafaelia/SESSION_FORMULAS_53_INTEGRATION_V1.json	f49ac151f58bf25b60a42cb9dd862730cebea9fe	ABSENT	ABSENT	6aab490a26124663329dfd3961b8469f8fdb158b
tools/benchmark_compare_official.sh	9ff0324d799f8677972ed6406fbd64e4145dbff0	ABSENT	ABSENT	6aab490a26124663329dfd3961b8469f8fdb158b
tools/benchmark_example.sh	65af01a1b5287b9916b6b1e48723139ee56d1ce3	ABSENT	ABSENT	6aab490a26124663329dfd3961b8469f8fdb158b
tools/binary_size_matrix.sh	3df155cd5c7727b4eedf64943fd83413bd45fe4b	ABSENT	ABSENT	6aab490a26124663329dfd3961b8469f8fdb158b
tools/check_rmr_headers.py	3ad41233994207a1094ce01b6035da6b1a6e01da	ABSENT	ABSENT	6aab490a26124663329dfd3961b8469f8fdb158b
tools/check_rmr_headers.sh	07c77fe94b2af993bb9af1340cb81880eba6f8dd	ABSENT	ABSENT	6aab490a26124663329dfd3961b8469f8fdb158b
tools/cmake_ci_compare.sh	861dcc70cb91fe082b27a9d31f3dfa22584997a2	ABSENT	ABSENT	6aab490a26124663329dfd3961b8469f8fdb158b
tools/compiler_version/Cargo.toml	b5f8482e981b27cc6769b7f3766fe47ff2f864ef	b5f8482e981b27cc6769b7f3766fe47ff2f864ef	EXACT	6aab490a26124663329dfd3961b8469f8fdb158b
tools/compiler_version/build.rs	b5ac44c85537ba158264826d49900c77a5ef51d8	b5ac44c85537ba158264826d49900c77a5ef51d8	EXACT	6aab490a26124663329dfd3961b8469f8fdb158b
tools/compiler_version/src/main.rs	ebcb2b91ae0e531dd55b83ecc26f2cb3b9303351	767cb31bdf060eee2ef9e46602d121d627ab04e4	DIVERGENT	6aab490a26124663329dfd3961b8469f8fdb158b
tools/forensics/capture_blake3_routes.sh	633700b964db7a12c4a7db33ee6619abd903caea	ABSENT	ABSENT	6aab490a26124663329dfd3961b8469f8fdb158b
tools/instruction_set_support/Cargo.toml	39eed0adedfa6b9b6387227899dd578213ff4704	39eed0adedfa6b9b6387227899dd578213ff4704	EXACT	6aab490a26124663329dfd3961b8469f8fdb158b
tools/instruction_set_support/src/main.rs	16a3cc99c64000740b938d6381ab983b1593ea4d	6b509b053255aa8189e1f22714218dae02ca1b3b	DIVERGENT	6aab490a26124663329dfd3961b8469f8fdb158b
tools/release.md	35156f5faf3ab59611c19a4330dde576f856ef76	35156f5faf3ab59611c19a4330dde576f856ef76	EXACT	6aab490a26124663329dfd3961b8469f8fdb158b
tools/sizeof_blake3_state.c	ffbddef16c3e9cfd01e6b8f39fbd845587e2e8de	ABSENT	ABSENT	6aab490a26124663329dfd3961b8469f8fdb158b
