seed_id	category	ordinal	name	initial_state	claim_allowed	note
H01	HASH_KDF_MIXED	1	SHA-256	SEED_UNCLASSIFIED	false	
H02	HASH_KDF_MIXED	2	SHA-512	SEED_UNCLASSIFIED	false	
H03	HASH_KDF_MIXED	3	BLAKE3	SEED_UNCLASSIFIED	false	
H04	HASH_KDF_MIXED	4	BLAKE2b	SEED_UNCLASSIFIED	false	
H05	HASH_KDF_MIXED	5	SHA-3/Keccak	SEED_UNCLASSIFIED	false	
H06	HASH_KDF_MIXED	6	Argon2	SEED_UNCLASSIFIED	false	
H07	HASH_KDF_MIXED	7	Skein	SEED_UNCLASSIFIED	false	
H08	HASH_KDF_MIXED	8	BLAKE2s	SEED_UNCLASSIFIED	false	
H09	HASH_KDF_MIXED	9	Whirlpool	SEED_UNCLASSIFIED	false	
H10	HASH_KDF_MIXED	10	Streebog	SEED_UNCLASSIFIED	false	
H11	HASH_KDF_MIXED	11	RIPEMD-160	SEED_UNCLASSIFIED	false	
H12	HASH_KDF_MIXED	12	Tiger	SEED_UNCLASSIFIED	false	
H13	HASH_KDF_MIXED	13	Kupyna	SEED_UNCLASSIFIED	false	
H14	HASH_KDF_MIXED	14	SM3	SEED_UNCLASSIFIED	false	
H15	HASH_KDF_MIXED	15	Scrypt	SEED_UNCLASSIFIED	false	
H16	HASH_KDF_MIXED	16	bcrypt	SEED_UNCLASSIFIED	false	
H17	HASH_KDF_MIXED	17	PBKDF2	SEED_UNCLASSIFIED	false	
H18	HASH_KDF_MIXED	18	MD5	LEGACY_OR_UNSAFE_FOR_NEW_USE	false	
H19	HASH_KDF_MIXED	19	SHA-1	LEGACY_OR_UNSAFE_FOR_NEW_USE	false	
H20	HASH_KDF_MIXED	20	HAVAL	SEED_UNCLASSIFIED	false	
C01	SYMMETRIC_CIPHER	1	AES-256	SEED_UNCLASSIFIED	false	
C02	SYMMETRIC_CIPHER	2	AES-128	SEED_UNCLASSIFIED	false	
C03	SYMMETRIC_CIPHER	3	ChaCha20	SEED_UNCLASSIFIED	false	
C04	SYMMETRIC_CIPHER	4	Salsa20	SEED_UNCLASSIFIED	false	
C05	SYMMETRIC_CIPHER	5	AES-192	SEED_UNCLASSIFIED	false	
C06	SYMMETRIC_CIPHER	6	XChaCha20	SEED_UNCLASSIFIED	false	
C07	SYMMETRIC_CIPHER	7	Camellia	SEED_UNCLASSIFIED	false	
C08	SYMMETRIC_CIPHER	8	ARIA	SEED_UNCLASSIFIED	false	
C09	SYMMETRIC_CIPHER	9	SERPENT	SEED_UNCLASSIFIED	false	
C10	SYMMETRIC_CIPHER	10	Twofish	SEED_UNCLASSIFIED	false	
C11	SYMMETRIC_CIPHER	11	3DES/TripleDES	LEGACY_OR_UNSAFE_FOR_NEW_USE	false	
C12	SYMMETRIC_CIPHER	12	Blowfish	SEED_UNCLASSIFIED	false	
C13	SYMMETRIC_CIPHER	13	IDEA	SEED_UNCLASSIFIED	false	
C14	SYMMETRIC_CIPHER	14	RC5	SEED_UNCLASSIFIED	false	
C15	SYMMETRIC_CIPHER	15	CAST-128	SEED_UNCLASSIFIED	false	
C16	SYMMETRIC_CIPHER	16	RC4	LEGACY_OR_UNSAFE_FOR_NEW_USE	false	
C17	SYMMETRIC_CIPHER	17	DES	LEGACY_OR_UNSAFE_FOR_NEW_USE	false	
C18	SYMMETRIC_CIPHER	18	SM4	SEED_UNCLASSIFIED	false	
C19	SYMMETRIC_CIPHER	19	GOST 28147	SEED_UNCLASSIFIED	false	
C20	SYMMETRIC_CIPHER	20	Threefish	SEED_UNCLASSIFIED	false	
S01	SIGNATURE	1	EdDSA/Ed25519	SEED_UNCLASSIFIED	false	
S02	SIGNATURE	2	ECDSA/secp256k1	SEED_UNCLASSIFIED	false	
S03	SIGNATURE	3	RSA-2048	SEED_UNCLASSIFIED	false	
S04	SIGNATURE	4	ECDSA/P-256	SEED_UNCLASSIFIED	false	
S05	SIGNATURE	5	Ed448	SEED_UNCLASSIFIED	false	
S06	SIGNATURE	6	RSA-4096	SEED_UNCLASSIFIED	false	
S07	SIGNATURE	7	ECDSA/P-384	SEED_UNCLASSIFIED	false	
S08	SIGNATURE	8	BLS	SEED_UNCLASSIFIED	false	
S09	SIGNATURE	9	Schnorr	SEED_UNCLASSIFIED	false	
S10	SIGNATURE	10	SPHINCS+/SLH-DSA	SEED_UNCLASSIFIED	false	
S11	SIGNATURE	11	DSA	SEED_UNCLASSIFIED	false	
S12	SIGNATURE	12	ECDSA/Secp384r1	TAXONOMY_OR_SPEC_AMBIGUITY	false	
S13	SIGNATURE	13	ECDSA/Brainpool	SEED_UNCLASSIFIED	false	
S14	SIGNATURE	14	RSA-3072	SEED_UNCLASSIFIED	false	
S15	SIGNATURE	15	ECDSA/secp256r1	TAXONOMY_OR_SPEC_AMBIGUITY	false	
S16	SIGNATURE	16	RSA-1024	LEGACY_OR_UNSAFE_FOR_NEW_USE	false	
S17	SIGNATURE	17	ECDSA/Freak Curves	TAXONOMY_OR_SPEC_AMBIGUITY	false	
S18	SIGNATURE	18	ElGamal	SEED_UNCLASSIFIED	false	
S19	SIGNATURE	19	Rabin	SEED_UNCLASSIFIED	false	
S20	SIGNATURE	20	Merkle Signature	SEED_UNCLASSIFIED	false	
K01	KEY_EXCHANGE_KEM_MIXED	1	ECDH/X25519	SEED_UNCLASSIFIED	false	
K02	KEY_EXCHANGE_KEM_MIXED	2	Diffie-Hellman/DH	SEED_UNCLASSIFIED	false	
K03	KEY_EXCHANGE_KEM_MIXED	3	ECDH/P-256	SEED_UNCLASSIFIED	false	
K04	KEY_EXCHANGE_KEM_MIXED	4	X448	SEED_UNCLASSIFIED	false	
K05	KEY_EXCHANGE_KEM_MIXED	5	ECDH/secp256k1	SEED_UNCLASSIFIED	false	
K06	KEY_EXCHANGE_KEM_MIXED	6	ECDH/P-384	SEED_UNCLASSIFIED	false	
K07	KEY_EXCHANGE_KEM_MIXED	7	ECDH/P-521	SEED_UNCLASSIFIED	false	
K08	KEY_EXCHANGE_KEM_MIXED	8	FHE	TAXONOMY_OR_SPEC_AMBIGUITY	false	
K09	KEY_EXCHANGE_KEM_MIXED	9	Kyber/ML-KEM	SEED_UNCLASSIFIED	false	
K10	KEY_EXCHANGE_KEM_MIXED	10	CSIDH	SEED_UNCLASSIFIED	false	
K11	KEY_EXCHANGE_KEM_MIXED	11	Curve25519	TAXONOMY_OR_SPEC_AMBIGUITY	false	
K12	KEY_EXCHANGE_KEM_MIXED	12	ECDH/Brainpool	SEED_UNCLASSIFIED	false	
K13	KEY_EXCHANGE_KEM_MIXED	13	ElGamal Key Exchange	SEED_UNCLASSIFIED	false	
K14	KEY_EXCHANGE_KEM_MIXED	14	Elliptic Curve MQV	SEED_UNCLASSIFIED	false	
K15	KEY_EXCHANGE_KEM_MIXED	15	ECMQV	SEED_UNCLASSIFIED	false	
K16	KEY_EXCHANGE_KEM_MIXED	16	DH/1024-bit	LEGACY_OR_UNSAFE_FOR_NEW_USE	false	
K17	KEY_EXCHANGE_KEM_MIXED	17	Curve P-192	LEGACY_OR_UNSAFE_FOR_NEW_USE	false	
K18	KEY_EXCHANGE_KEM_MIXED	18	Weil Pairing	SEED_UNCLASSIFIED	false	
K19	KEY_EXCHANGE_KEM_MIXED	19	Tate Pairing	SEED_UNCLASSIFIED	false	
K20	KEY_EXCHANGE_KEM_MIXED	20	Garden Variety DH	TAXONOMY_OR_SPEC_AMBIGUITY	false	
M01	MAC_AEAD_MIXED	1	HMAC-SHA256	SEED_UNCLASSIFIED	false	
M02	MAC_AEAD_MIXED	2	HMAC-SHA512	SEED_UNCLASSIFIED	false	
M03	MAC_AEAD_MIXED	3	AES-GCM	TAXONOMY_OR_SPEC_AMBIGUITY	false	
M04	MAC_AEAD_MIXED	4	Poly1305	SEED_UNCLASSIFIED	false	
M05	MAC_AEAD_MIXED	5	CMAC	SEED_UNCLASSIFIED	false	
M06	MAC_AEAD_MIXED	6	SipHash	SEED_UNCLASSIFIED	false	
M07	MAC_AEAD_MIXED	7	HMAC-BLAKE2	SEED_UNCLASSIFIED	false	
M08	MAC_AEAD_MIXED	8	HMAC-SHA3	SEED_UNCLASSIFIED	false	
M09	MAC_AEAD_MIXED	9	Poly-AES	SEED_UNCLASSIFIED	false	
M10	MAC_AEAD_MIXED	10	KMAC	SEED_UNCLASSIFIED	false	
M11	MAC_AEAD_MIXED	11	HMAC-MD5	LEGACY_OR_UNSAFE_FOR_NEW_USE	false	
M12	MAC_AEAD_MIXED	12	HMAC-RIPEMD	SEED_UNCLASSIFIED	false	
M13	MAC_AEAD_MIXED	13	UMAC	SEED_UNCLASSIFIED	false	
M14	MAC_AEAD_MIXED	14	One-Time MAC	SEED_UNCLASSIFIED	false	
M15	MAC_AEAD_MIXED	15	XMAC	TAXONOMY_OR_SPEC_AMBIGUITY	false	
M16	MAC_AEAD_MIXED	16	CBC-MAC	SEED_UNCLASSIFIED	false	
M17	MAC_AEAD_MIXED	17	VMAC	SEED_UNCLASSIFIED	false	
M18	MAC_AEAD_MIXED	18	PmacPlus	TAXONOMY_OR_SPEC_AMBIGUITY	false	
M19	MAC_AEAD_MIXED	19	ALRED	SEED_UNCLASSIFIED	false	
M20	MAC_AEAD_MIXED	20	Trivium-MAC	TAXONOMY_OR_SPEC_AMBIGUITY	false	
O01	MODE_CONSTRUCTION	1	GCM	SEED_UNCLASSIFIED	false	
O02	MODE_CONSTRUCTION	2	CTR	SEED_UNCLASSIFIED	false	
O03	MODE_CONSTRUCTION	3	CBC	SEED_UNCLASSIFIED	false	
O04	MODE_CONSTRUCTION	4	ECB	LEGACY_OR_UNSAFE_FOR_NEW_USE	false	
O05	MODE_CONSTRUCTION	5	OFB	SEED_UNCLASSIFIED	false	
O06	MODE_CONSTRUCTION	6	OCB	SEED_UNCLASSIFIED	false	
O07	MODE_CONSTRUCTION	7	SIV	SEED_UNCLASSIFIED	false	
O08	MODE_CONSTRUCTION	8	EAX	SEED_UNCLASSIFIED	false	
O09	MODE_CONSTRUCTION	9	CCM	SEED_UNCLASSIFIED	false	
O10	MODE_CONSTRUCTION	10	AEAD Generic	TAXONOMY_OR_SPEC_AMBIGUITY	false	
O11	MODE_CONSTRUCTION	11	CFB	SEED_UNCLASSIFIED	false	
O12	MODE_CONSTRUCTION	12	CTS	SEED_UNCLASSIFIED	false	
O13	MODE_CONSTRUCTION	13	PCBC	SEED_UNCLASSIFIED	false	
O14	MODE_CONSTRUCTION	14	Infinite Garble Extension	TAXONOMY_OR_SPEC_AMBIGUITY	false	
O15	MODE_CONSTRUCTION	15	HELIX	SEED_UNCLASSIFIED	false	
O16	MODE_CONSTRUCTION	16	PES	TAXONOMY_OR_SPEC_AMBIGUITY	false	
O17	MODE_CONSTRUCTION	17	CMAC Mode	TAXONOMY_OR_SPEC_AMBIGUITY	false	
O18	MODE_CONSTRUCTION	18	Xor-MAC Modes	SEED_UNCLASSIFIED	false	
O19	MODE_CONSTRUCTION	19	Stream Cipher Modes	SEED_UNCLASSIFIED	false	
O20	MODE_CONSTRUCTION	20	Raw Block Cipher	LEGACY_OR_UNSAFE_FOR_NEW_USE	false	
D01	KDF_PASSWORD	1	Argon2i/id	SEED_UNCLASSIFIED	false	
D02	KDF_PASSWORD	2	Argon2d	SEED_UNCLASSIFIED	false	
D03	KDF_PASSWORD	3	Scrypt	SEED_UNCLASSIFIED	false	
D04	KDF_PASSWORD	4	PBKDF2	SEED_UNCLASSIFIED	false	
D05	KDF_PASSWORD	5	bcrypt	SEED_UNCLASSIFIED	false	
D06	KDF_PASSWORD	6	HKDF	SEED_UNCLASSIFIED	false	
D07	KDF_PASSWORD	7	HKDF-SHA256	SEED_UNCLASSIFIED	false	
D08	KDF_PASSWORD	8	Balloon Hashing	SEED_UNCLASSIFIED	false	
D09	KDF_PASSWORD	9	yescrypt	SEED_UNCLASSIFIED	false	
D10	KDF_PASSWORD	10	Catena	SEED_UNCLASSIFIED	false	
D11	KDF_PASSWORD	11	KDF1	SEED_UNCLASSIFIED	false	
D12	KDF_PASSWORD	12	EVP_BytesToKey	SEED_UNCLASSIFIED	false	
D13	KDF_PASSWORD	13	PBKDF1	SEED_UNCLASSIFIED	false	
D14	KDF_PASSWORD	14	PKCS#5	TAXONOMY_OR_SPEC_AMBIGUITY	false	
D15	KDF_PASSWORD	15	Lyra2	SEED_UNCLASSIFIED	false	
D16	KDF_PASSWORD	16	Simple iteration	LEGACY_OR_UNSAFE_FOR_NEW_USE	false	
D17	KDF_PASSWORD	17	SHA256-iterado	LEGACY_OR_UNSAFE_FOR_NEW_USE	false	
D18	KDF_PASSWORD	18	Raw HMAC	SEED_UNCLASSIFIED	false	
D19	KDF_PASSWORD	19	MD5-based	LEGACY_OR_UNSAFE_FOR_NEW_USE	false	
D20	KDF_PASSWORD	20	XOR-based KDF	LEGACY_OR_UNSAFE_FOR_NEW_USE	false
