seed_id	name	source_category	canonical_class	source_state	existing_rmr_runtime_ref	freestanding140_state	security_use	xor_only_feasibility	branchless_fixed_shape	authorship_scope	claim_allowed
H01	SHA-256	HASH_KDF_MIXED	hash	SEED_UNCLASSIFIED	sha256	REFERENCE_EXISTING_NOT_REIMPLEMENTED	CANDIDATE_NOT_RECOMMENDATION	NO_GENERAL_XOR_ONLY_EQUIVALENCE	CONDITIONAL_PER_SPEC_AND_FIXED_DOMAIN	RMR_FRAMEWORK_AND_FUTURE_CODE_ONLY	false
H02	SHA-512	HASH_KDF_MIXED	hash	SEED_UNCLASSIFIED	sha512	REFERENCE_EXISTING_NOT_REIMPLEMENTED	CANDIDATE_NOT_RECOMMENDATION	NO_GENERAL_XOR_ONLY_EQUIVALENCE	CONDITIONAL_PER_SPEC_AND_FIXED_DOMAIN	RMR_FRAMEWORK_AND_FUTURE_CODE_ONLY	false
H03	BLAKE3	HASH_KDF_MIXED	hash	SEED_UNCLASSIFIED	blake3	REFERENCE_EXISTING_NOT_REIMPLEMENTED	CANDIDATE_NOT_RECOMMENDATION	NO_GENERAL_XOR_ONLY_EQUIVALENCE	CONDITIONAL_PER_SPEC_AND_FIXED_DOMAIN	RMR_FRAMEWORK_AND_FUTURE_CODE_ONLY	false
H04	BLAKE2b	HASH_KDF_MIXED	hash	SEED_UNCLASSIFIED	blake2b-512	REFERENCE_EXISTING_NOT_REIMPLEMENTED	CANDIDATE_NOT_RECOMMENDATION	NO_GENERAL_XOR_ONLY_EQUIVALENCE	CONDITIONAL_PER_SPEC_AND_FIXED_DOMAIN	RMR_FRAMEWORK_AND_FUTURE_CODE_ONLY	false
H05	SHA-3/Keccak	HASH_KDF_MIXED	hash	SEED_UNCLASSIFIED	NONE	REGISTERED_NOT_IMPLEMENTED	CANDIDATE_NOT_RECOMMENDATION	NO_GENERAL_XOR_ONLY_EQUIVALENCE	CONDITIONAL_PER_SPEC_AND_FIXED_DOMAIN	RMR_FRAMEWORK_AND_FUTURE_CODE_ONLY	false
H06	Argon2	HASH_KDF_MIXED	password_kdf	SEED_UNCLASSIFIED	NONE	REGISTERED_NOT_IMPLEMENTED	CANDIDATE_NOT_RECOMMENDATION	NO_GENERAL_XOR_ONLY_EQUIVALENCE	CONDITIONAL_PER_SPEC_AND_FIXED_DOMAIN	RMR_FRAMEWORK_AND_FUTURE_CODE_ONLY	false
H07	Skein	HASH_KDF_MIXED	hash	SEED_UNCLASSIFIED	NONE	REGISTERED_NOT_IMPLEMENTED	CANDIDATE_NOT_RECOMMENDATION	NO_GENERAL_XOR_ONLY_EQUIVALENCE	CONDITIONAL_PER_SPEC_AND_FIXED_DOMAIN	RMR_FRAMEWORK_AND_FUTURE_CODE_ONLY	false
H08	BLAKE2s	HASH_KDF_MIXED	hash	SEED_UNCLASSIFIED	blake2s-256	REFERENCE_EXISTING_NOT_REIMPLEMENTED	CANDIDATE_NOT_RECOMMENDATION	NO_GENERAL_XOR_ONLY_EQUIVALENCE	CONDITIONAL_PER_SPEC_AND_FIXED_DOMAIN	RMR_FRAMEWORK_AND_FUTURE_CODE_ONLY	false
H09	Whirlpool	HASH_KDF_MIXED	hash	SEED_UNCLASSIFIED	NONE	REGISTERED_NOT_IMPLEMENTED	CANDIDATE_NOT_RECOMMENDATION	NO_GENERAL_XOR_ONLY_EQUIVALENCE	CONDITIONAL_PER_SPEC_AND_FIXED_DOMAIN	RMR_FRAMEWORK_AND_FUTURE_CODE_ONLY	false
H10	Streebog	HASH_KDF_MIXED	hash	SEED_UNCLASSIFIED	NONE	REGISTERED_NOT_IMPLEMENTED	CANDIDATE_NOT_RECOMMENDATION	NO_GENERAL_XOR_ONLY_EQUIVALENCE	CONDITIONAL_PER_SPEC_AND_FIXED_DOMAIN	RMR_FRAMEWORK_AND_FUTURE_CODE_ONLY	false
H11	RIPEMD-160	HASH_KDF_MIXED	hash	SEED_UNCLASSIFIED	NONE	REGISTERED_NOT_IMPLEMENTED	CANDIDATE_NOT_RECOMMENDATION	NO_GENERAL_XOR_ONLY_EQUIVALENCE	CONDITIONAL_PER_SPEC_AND_FIXED_DOMAIN	RMR_FRAMEWORK_AND_FUTURE_CODE_ONLY	false
H12	Tiger	HASH_KDF_MIXED	hash	SEED_UNCLASSIFIED	NONE	REGISTERED_NOT_IMPLEMENTED	CANDIDATE_NOT_RECOMMENDATION	NO_GENERAL_XOR_ONLY_EQUIVALENCE	CONDITIONAL_PER_SPEC_AND_FIXED_DOMAIN	RMR_FRAMEWORK_AND_FUTURE_CODE_ONLY	false
H13	Kupyna	HASH_KDF_MIXED	hash	SEED_UNCLASSIFIED	NONE	REGISTERED_NOT_IMPLEMENTED	CANDIDATE_NOT_RECOMMENDATION	NO_GENERAL_XOR_ONLY_EQUIVALENCE	CONDITIONAL_PER_SPEC_AND_FIXED_DOMAIN	RMR_FRAMEWORK_AND_FUTURE_CODE_ONLY	false
H14	SM3	HASH_KDF_MIXED	hash	SEED_UNCLASSIFIED	sm3	REFERENCE_EXISTING_NOT_REIMPLEMENTED	CANDIDATE_NOT_RECOMMENDATION	NO_GENERAL_XOR_ONLY_EQUIVALENCE	CONDITIONAL_PER_SPEC_AND_FIXED_DOMAIN	RMR_FRAMEWORK_AND_FUTURE_CODE_ONLY	false
H15	Scrypt	HASH_KDF_MIXED	password_kdf	SEED_UNCLASSIFIED	NONE	REGISTERED_NOT_IMPLEMENTED	CANDIDATE_NOT_RECOMMENDATION	NO_GENERAL_XOR_ONLY_EQUIVALENCE	CONDITIONAL_PER_SPEC_AND_FIXED_DOMAIN	RMR_FRAMEWORK_AND_FUTURE_CODE_ONLY	false
H16	bcrypt	HASH_KDF_MIXED	password_kdf	SEED_UNCLASSIFIED	NONE	REGISTERED_NOT_IMPLEMENTED	CANDIDATE_NOT_RECOMMENDATION	NO_GENERAL_XOR_ONLY_EQUIVALENCE	CONDITIONAL_PER_SPEC_AND_FIXED_DOMAIN	RMR_FRAMEWORK_AND_FUTURE_CODE_ONLY	false
H17	PBKDF2	HASH_KDF_MIXED	password_kdf	SEED_UNCLASSIFIED	pbkdf2-hmac-sha256	REFERENCE_EXISTING_NOT_REIMPLEMENTED	CANDIDATE_NOT_RECOMMENDATION	NO_GENERAL_XOR_ONLY_EQUIVALENCE	CONDITIONAL_PER_SPEC_AND_FIXED_DOMAIN	RMR_FRAMEWORK_AND_FUTURE_CODE_ONLY	false
H18	MD5	HASH_KDF_MIXED	hash	LEGACY_OR_UNSAFE_FOR_NEW_USE	md5	REFERENCE_EXISTING_NOT_REIMPLEMENTED	LEGACY_OR_UNSAFE_FOR_NEW_USE	NO_GENERAL_XOR_ONLY_EQUIVALENCE	CONDITIONAL_PER_SPEC_AND_FIXED_DOMAIN	RMR_FRAMEWORK_AND_FUTURE_CODE_ONLY	false
H19	SHA-1	HASH_KDF_MIXED	hash	LEGACY_OR_UNSAFE_FOR_NEW_USE	sha1	REFERENCE_EXISTING_NOT_REIMPLEMENTED	LEGACY_OR_UNSAFE_FOR_NEW_USE	NO_GENERAL_XOR_ONLY_EQUIVALENCE	CONDITIONAL_PER_SPEC_AND_FIXED_DOMAIN	RMR_FRAMEWORK_AND_FUTURE_CODE_ONLY	false
H20	HAVAL	HASH_KDF_MIXED	hash	SEED_UNCLASSIFIED	NONE	REGISTERED_NOT_IMPLEMENTED	CANDIDATE_NOT_RECOMMENDATION	NO_GENERAL_XOR_ONLY_EQUIVALENCE	CONDITIONAL_PER_SPEC_AND_FIXED_DOMAIN	RMR_FRAMEWORK_AND_FUTURE_CODE_ONLY	false
C01	AES-256	SYMMETRIC_CIPHER	symmetric_cipher	SEED_UNCLASSIFIED	NONE	REGISTERED_NOT_IMPLEMENTED	CANDIDATE_NOT_RECOMMENDATION	NO_GENERAL_XOR_ONLY_EQUIVALENCE	CONDITIONAL_PER_SPEC_AND_FIXED_DOMAIN	RMR_FRAMEWORK_AND_FUTURE_CODE_ONLY	false
C02	AES-128	SYMMETRIC_CIPHER	symmetric_cipher	SEED_UNCLASSIFIED	NONE	REGISTERED_NOT_IMPLEMENTED	CANDIDATE_NOT_RECOMMENDATION	NO_GENERAL_XOR_ONLY_EQUIVALENCE	CONDITIONAL_PER_SPEC_AND_FIXED_DOMAIN	RMR_FRAMEWORK_AND_FUTURE_CODE_ONLY	false
C03	ChaCha20	SYMMETRIC_CIPHER	symmetric_cipher	SEED_UNCLASSIFIED	NONE	REGISTERED_NOT_IMPLEMENTED	CANDIDATE_NOT_RECOMMENDATION	NO_GENERAL_XOR_ONLY_EQUIVALENCE	CONDITIONAL_PER_SPEC_AND_FIXED_DOMAIN	RMR_FRAMEWORK_AND_FUTURE_CODE_ONLY	false
C04	Salsa20	SYMMETRIC_CIPHER	symmetric_cipher	SEED_UNCLASSIFIED	NONE	REGISTERED_NOT_IMPLEMENTED	CANDIDATE_NOT_RECOMMENDATION	NO_GENERAL_XOR_ONLY_EQUIVALENCE	CONDITIONAL_PER_SPEC_AND_FIXED_DOMAIN	RMR_FRAMEWORK_AND_FUTURE_CODE_ONLY	false
C05	AES-192	SYMMETRIC_CIPHER	symmetric_cipher	SEED_UNCLASSIFIED	NONE	REGISTERED_NOT_IMPLEMENTED	CANDIDATE_NOT_RECOMMENDATION	NO_GENERAL_XOR_ONLY_EQUIVALENCE	CONDITIONAL_PER_SPEC_AND_FIXED_DOMAIN	RMR_FRAMEWORK_AND_FUTURE_CODE_ONLY	false
C06	XChaCha20	SYMMETRIC_CIPHER	symmetric_cipher	SEED_UNCLASSIFIED	NONE	REGISTERED_NOT_IMPLEMENTED	CANDIDATE_NOT_RECOMMENDATION	NO_GENERAL_XOR_ONLY_EQUIVALENCE	CONDITIONAL_PER_SPEC_AND_FIXED_DOMAIN	RMR_FRAMEWORK_AND_FUTURE_CODE_ONLY	false
C07	Camellia	SYMMETRIC_CIPHER	symmetric_cipher	SEED_UNCLASSIFIED	NONE	REGISTERED_NOT_IMPLEMENTED	CANDIDATE_NOT_RECOMMENDATION	NO_GENERAL_XOR_ONLY_EQUIVALENCE	CONDITIONAL_PER_SPEC_AND_FIXED_DOMAIN	RMR_FRAMEWORK_AND_FUTURE_CODE_ONLY	false
C08	ARIA	SYMMETRIC_CIPHER	symmetric_cipher	SEED_UNCLASSIFIED	NONE	REGISTERED_NOT_IMPLEMENTED	CANDIDATE_NOT_RECOMMENDATION	NO_GENERAL_XOR_ONLY_EQUIVALENCE	CONDITIONAL_PER_SPEC_AND_FIXED_DOMAIN	RMR_FRAMEWORK_AND_FUTURE_CODE_ONLY	false
C09	SERPENT	SYMMETRIC_CIPHER	symmetric_cipher	SEED_UNCLASSIFIED	NONE	REGISTERED_NOT_IMPLEMENTED	CANDIDATE_NOT_RECOMMENDATION	NO_GENERAL_XOR_ONLY_EQUIVALENCE	CONDITIONAL_PER_SPEC_AND_FIXED_DOMAIN	RMR_FRAMEWORK_AND_FUTURE_CODE_ONLY	false
C10	Twofish	SYMMETRIC_CIPHER	symmetric_cipher	SEED_UNCLASSIFIED	NONE	REGISTERED_NOT_IMPLEMENTED	CANDIDATE_NOT_RECOMMENDATION	NO_GENERAL_XOR_ONLY_EQUIVALENCE	CONDITIONAL_PER_SPEC_AND_FIXED_DOMAIN	RMR_FRAMEWORK_AND_FUTURE_CODE_ONLY	false
C11	3DES/TripleDES	SYMMETRIC_CIPHER	symmetric_cipher	LEGACY_OR_UNSAFE_FOR_NEW_USE	NONE	REGISTERED_NOT_IMPLEMENTED	LEGACY_OR_UNSAFE_FOR_NEW_USE	NO_GENERAL_XOR_ONLY_EQUIVALENCE	CONDITIONAL_PER_SPEC_AND_FIXED_DOMAIN	RMR_FRAMEWORK_AND_FUTURE_CODE_ONLY	false
C12	Blowfish	SYMMETRIC_CIPHER	symmetric_cipher	SEED_UNCLASSIFIED	NONE	REGISTERED_NOT_IMPLEMENTED	CANDIDATE_NOT_RECOMMENDATION	NO_GENERAL_XOR_ONLY_EQUIVALENCE	CONDITIONAL_PER_SPEC_AND_FIXED_DOMAIN	RMR_FRAMEWORK_AND_FUTURE_CODE_ONLY	false
C13	IDEA	SYMMETRIC_CIPHER	symmetric_cipher	SEED_UNCLASSIFIED	NONE	REGISTERED_NOT_IMPLEMENTED	CANDIDATE_NOT_RECOMMENDATION	NO_GENERAL_XOR_ONLY_EQUIVALENCE	CONDITIONAL_PER_SPEC_AND_FIXED_DOMAIN	RMR_FRAMEWORK_AND_FUTURE_CODE_ONLY	false
C14	RC5	SYMMETRIC_CIPHER	symmetric_cipher	SEED_UNCLASSIFIED	NONE	REGISTERED_NOT_IMPLEMENTED	CANDIDATE_NOT_RECOMMENDATION	NO_GENERAL_XOR_ONLY_EQUIVALENCE	CONDITIONAL_PER_SPEC_AND_FIXED_DOMAIN	RMR_FRAMEWORK_AND_FUTURE_CODE_ONLY	false
C15	CAST-128	SYMMETRIC_CIPHER	symmetric_cipher	SEED_UNCLASSIFIED	NONE	REGISTERED_NOT_IMPLEMENTED	CANDIDATE_NOT_RECOMMENDATION	NO_GENERAL_XOR_ONLY_EQUIVALENCE	CONDITIONAL_PER_SPEC_AND_FIXED_DOMAIN	RMR_FRAMEWORK_AND_FUTURE_CODE_ONLY	false
C16	RC4	SYMMETRIC_CIPHER	symmetric_cipher	LEGACY_OR_UNSAFE_FOR_NEW_USE	NONE	REGISTERED_NOT_IMPLEMENTED	LEGACY_OR_UNSAFE_FOR_NEW_USE	NO_GENERAL_XOR_ONLY_EQUIVALENCE	CONDITIONAL_PER_SPEC_AND_FIXED_DOMAIN	RMR_FRAMEWORK_AND_FUTURE_CODE_ONLY	false
C17	DES	SYMMETRIC_CIPHER	symmetric_cipher	LEGACY_OR_UNSAFE_FOR_NEW_USE	NONE	REGISTERED_NOT_IMPLEMENTED	LEGACY_OR_UNSAFE_FOR_NEW_USE	NO_GENERAL_XOR_ONLY_EQUIVALENCE	CONDITIONAL_PER_SPEC_AND_FIXED_DOMAIN	RMR_FRAMEWORK_AND_FUTURE_CODE_ONLY	false
C18	SM4	SYMMETRIC_CIPHER	symmetric_cipher	SEED_UNCLASSIFIED	NONE	REGISTERED_NOT_IMPLEMENTED	CANDIDATE_NOT_RECOMMENDATION	NO_GENERAL_XOR_ONLY_EQUIVALENCE	CONDITIONAL_PER_SPEC_AND_FIXED_DOMAIN	RMR_FRAMEWORK_AND_FUTURE_CODE_ONLY	false
C19	GOST 28147	SYMMETRIC_CIPHER	symmetric_cipher	SEED_UNCLASSIFIED	NONE	REGISTERED_NOT_IMPLEMENTED	CANDIDATE_NOT_RECOMMENDATION	NO_GENERAL_XOR_ONLY_EQUIVALENCE	CONDITIONAL_PER_SPEC_AND_FIXED_DOMAIN	RMR_FRAMEWORK_AND_FUTURE_CODE_ONLY	false
C20	Threefish	SYMMETRIC_CIPHER	symmetric_cipher	SEED_UNCLASSIFIED	NONE	REGISTERED_NOT_IMPLEMENTED	CANDIDATE_NOT_RECOMMENDATION	NO_GENERAL_XOR_ONLY_EQUIVALENCE	CONDITIONAL_PER_SPEC_AND_FIXED_DOMAIN	RMR_FRAMEWORK_AND_FUTURE_CODE_ONLY	false
S01	EdDSA/Ed25519	SIGNATURE	signature	SEED_UNCLASSIFIED	ed25519	REFERENCE_EXISTING_NOT_REIMPLEMENTED	CANDIDATE_NOT_RECOMMENDATION	NO_GENERAL_XOR_ONLY_EQUIVALENCE	CONDITIONAL_PER_SPEC_AND_FIXED_DOMAIN	RMR_FRAMEWORK_AND_FUTURE_CODE_ONLY	false
S02	ECDSA/secp256k1	SIGNATURE	signature	SEED_UNCLASSIFIED	NONE	REGISTERED_NOT_IMPLEMENTED	CANDIDATE_NOT_RECOMMENDATION	NO_GENERAL_XOR_ONLY_EQUIVALENCE	CONDITIONAL_PER_SPEC_AND_FIXED_DOMAIN	RMR_FRAMEWORK_AND_FUTURE_CODE_ONLY	false
S03	RSA-2048	SIGNATURE	signature	SEED_UNCLASSIFIED	NONE	REGISTERED_NOT_IMPLEMENTED	CANDIDATE_NOT_RECOMMENDATION	NO_GENERAL_XOR_ONLY_EQUIVALENCE	CONDITIONAL_PER_SPEC_AND_FIXED_DOMAIN	RMR_FRAMEWORK_AND_FUTURE_CODE_ONLY	false
S04	ECDSA/P-256	SIGNATURE	signature	SEED_UNCLASSIFIED	NONE	REGISTERED_NOT_IMPLEMENTED	CANDIDATE_NOT_RECOMMENDATION	NO_GENERAL_XOR_ONLY_EQUIVALENCE	CONDITIONAL_PER_SPEC_AND_FIXED_DOMAIN	RMR_FRAMEWORK_AND_FUTURE_CODE_ONLY	false
S05	Ed448	SIGNATURE	signature	SEED_UNCLASSIFIED	ed448	REFERENCE_EXISTING_NOT_REIMPLEMENTED	CANDIDATE_NOT_RECOMMENDATION	NO_GENERAL_XOR_ONLY_EQUIVALENCE	CONDITIONAL_PER_SPEC_AND_FIXED_DOMAIN	RMR_FRAMEWORK_AND_FUTURE_CODE_ONLY	false
S06	RSA-4096	SIGNATURE	signature	SEED_UNCLASSIFIED	NONE	REGISTERED_NOT_IMPLEMENTED	CANDIDATE_NOT_RECOMMENDATION	NO_GENERAL_XOR_ONLY_EQUIVALENCE	CONDITIONAL_PER_SPEC_AND_FIXED_DOMAIN	RMR_FRAMEWORK_AND_FUTURE_CODE_ONLY	false
S07	ECDSA/P-384	SIGNATURE	signature	SEED_UNCLASSIFIED	NONE	REGISTERED_NOT_IMPLEMENTED	CANDIDATE_NOT_RECOMMENDATION	NO_GENERAL_XOR_ONLY_EQUIVALENCE	CONDITIONAL_PER_SPEC_AND_FIXED_DOMAIN	RMR_FRAMEWORK_AND_FUTURE_CODE_ONLY	false
S08	BLS	SIGNATURE	signature	SEED_UNCLASSIFIED	NONE	REGISTERED_NOT_IMPLEMENTED	CANDIDATE_NOT_RECOMMENDATION	NO_GENERAL_XOR_ONLY_EQUIVALENCE	CONDITIONAL_PER_SPEC_AND_FIXED_DOMAIN	RMR_FRAMEWORK_AND_FUTURE_CODE_ONLY	false
S09	Schnorr	SIGNATURE	signature	SEED_UNCLASSIFIED	NONE	REGISTERED_NOT_IMPLEMENTED	CANDIDATE_NOT_RECOMMENDATION	NO_GENERAL_XOR_ONLY_EQUIVALENCE	CONDITIONAL_PER_SPEC_AND_FIXED_DOMAIN	RMR_FRAMEWORK_AND_FUTURE_CODE_ONLY	false
S10	SPHINCS+/SLH-DSA	SIGNATURE	signature	SEED_UNCLASSIFIED	NONE	REGISTERED_NOT_IMPLEMENTED	CANDIDATE_NOT_RECOMMENDATION	NO_GENERAL_XOR_ONLY_EQUIVALENCE	CONDITIONAL_PER_SPEC_AND_FIXED_DOMAIN	RMR_FRAMEWORK_AND_FUTURE_CODE_ONLY	false
S11	DSA	SIGNATURE	signature	SEED_UNCLASSIFIED	NONE	REGISTERED_NOT_IMPLEMENTED	CANDIDATE_NOT_RECOMMENDATION	NO_GENERAL_XOR_ONLY_EQUIVALENCE	CONDITIONAL_PER_SPEC_AND_FIXED_DOMAIN	RMR_FRAMEWORK_AND_FUTURE_CODE_ONLY	false
S12	ECDSA/Secp384r1	SIGNATURE	signature	TAXONOMY_OR_SPEC_AMBIGUITY	NONE	REGISTERED_NOT_IMPLEMENTED	AMBIGUOUS_REQUIRES_SPEC_SELECTION	NO_GENERAL_XOR_ONLY_EQUIVALENCE	CONDITIONAL_PER_SPEC_AND_FIXED_DOMAIN	RMR_FRAMEWORK_AND_FUTURE_CODE_ONLY	false
S13	ECDSA/Brainpool	SIGNATURE	signature	SEED_UNCLASSIFIED	NONE	REGISTERED_NOT_IMPLEMENTED	CANDIDATE_NOT_RECOMMENDATION	NO_GENERAL_XOR_ONLY_EQUIVALENCE	CONDITIONAL_PER_SPEC_AND_FIXED_DOMAIN	RMR_FRAMEWORK_AND_FUTURE_CODE_ONLY	false
S14	RSA-3072	SIGNATURE	signature	SEED_UNCLASSIFIED	NONE	REGISTERED_NOT_IMPLEMENTED	CANDIDATE_NOT_RECOMMENDATION	NO_GENERAL_XOR_ONLY_EQUIVALENCE	CONDITIONAL_PER_SPEC_AND_FIXED_DOMAIN	RMR_FRAMEWORK_AND_FUTURE_CODE_ONLY	false
S15	ECDSA/secp256r1	SIGNATURE	signature	TAXONOMY_OR_SPEC_AMBIGUITY	NONE	REGISTERED_NOT_IMPLEMENTED	AMBIGUOUS_REQUIRES_SPEC_SELECTION	NO_GENERAL_XOR_ONLY_EQUIVALENCE	CONDITIONAL_PER_SPEC_AND_FIXED_DOMAIN	RMR_FRAMEWORK_AND_FUTURE_CODE_ONLY	false
S16	RSA-1024	SIGNATURE	signature	LEGACY_OR_UNSAFE_FOR_NEW_USE	NONE	REGISTERED_NOT_IMPLEMENTED	LEGACY_OR_UNSAFE_FOR_NEW_USE	NO_GENERAL_XOR_ONLY_EQUIVALENCE	CONDITIONAL_PER_SPEC_AND_FIXED_DOMAIN	RMR_FRAMEWORK_AND_FUTURE_CODE_ONLY	false
S17	ECDSA/Freak Curves	SIGNATURE	signature	TAXONOMY_OR_SPEC_AMBIGUITY	NONE	REGISTERED_NOT_IMPLEMENTED	AMBIGUOUS_REQUIRES_SPEC_SELECTION	NO_GENERAL_XOR_ONLY_EQUIVALENCE	CONDITIONAL_PER_SPEC_AND_FIXED_DOMAIN	RMR_FRAMEWORK_AND_FUTURE_CODE_ONLY	false
S18	ElGamal	SIGNATURE	signature	SEED_UNCLASSIFIED	NONE	REGISTERED_NOT_IMPLEMENTED	CANDIDATE_NOT_RECOMMENDATION	NO_GENERAL_XOR_ONLY_EQUIVALENCE	CONDITIONAL_PER_SPEC_AND_FIXED_DOMAIN	RMR_FRAMEWORK_AND_FUTURE_CODE_ONLY	false
S19	Rabin	SIGNATURE	signature	SEED_UNCLASSIFIED	NONE	REGISTERED_NOT_IMPLEMENTED	CANDIDATE_NOT_RECOMMENDATION	NO_GENERAL_XOR_ONLY_EQUIVALENCE	CONDITIONAL_PER_SPEC_AND_FIXED_DOMAIN	RMR_FRAMEWORK_AND_FUTURE_CODE_ONLY	false
S20	Merkle Signature	SIGNATURE	signature	SEED_UNCLASSIFIED	NONE	REGISTERED_NOT_IMPLEMENTED	CANDIDATE_NOT_RECOMMENDATION	NO_GENERAL_XOR_ONLY_EQUIVALENCE	CONDITIONAL_PER_SPEC_AND_FIXED_DOMAIN	RMR_FRAMEWORK_AND_FUTURE_CODE_ONLY	false
K01	ECDH/X25519	KEY_EXCHANGE_KEM_MIXED	key_exchange_or_kem	SEED_UNCLASSIFIED	x25519	REFERENCE_EXISTING_NOT_REIMPLEMENTED	CANDIDATE_NOT_RECOMMENDATION	NO_GENERAL_XOR_ONLY_EQUIVALENCE	CONDITIONAL_PER_SPEC_AND_FIXED_DOMAIN	RMR_FRAMEWORK_AND_FUTURE_CODE_ONLY	false
K02	Diffie-Hellman/DH	KEY_EXCHANGE_KEM_MIXED	key_exchange_or_kem	SEED_UNCLASSIFIED	NONE	REGISTERED_NOT_IMPLEMENTED	CANDIDATE_NOT_RECOMMENDATION	NO_GENERAL_XOR_ONLY_EQUIVALENCE	CONDITIONAL_PER_SPEC_AND_FIXED_DOMAIN	RMR_FRAMEWORK_AND_FUTURE_CODE_ONLY	false
K03	ECDH/P-256	KEY_EXCHANGE_KEM_MIXED	key_exchange_or_kem	SEED_UNCLASSIFIED	NONE	REGISTERED_NOT_IMPLEMENTED	CANDIDATE_NOT_RECOMMENDATION	NO_GENERAL_XOR_ONLY_EQUIVALENCE	CONDITIONAL_PER_SPEC_AND_FIXED_DOMAIN	RMR_FRAMEWORK_AND_FUTURE_CODE_ONLY	false
K04	X448	KEY_EXCHANGE_KEM_MIXED	key_exchange_or_kem	SEED_UNCLASSIFIED	x448	REFERENCE_EXISTING_NOT_REIMPLEMENTED	CANDIDATE_NOT_RECOMMENDATION	NO_GENERAL_XOR_ONLY_EQUIVALENCE	CONDITIONAL_PER_SPEC_AND_FIXED_DOMAIN	RMR_FRAMEWORK_AND_FUTURE_CODE_ONLY	false
K05	ECDH/secp256k1	KEY_EXCHANGE_KEM_MIXED	key_exchange_or_kem	SEED_UNCLASSIFIED	NONE	REGISTERED_NOT_IMPLEMENTED	CANDIDATE_NOT_RECOMMENDATION	NO_GENERAL_XOR_ONLY_EQUIVALENCE	CONDITIONAL_PER_SPEC_AND_FIXED_DOMAIN	RMR_FRAMEWORK_AND_FUTURE_CODE_ONLY	false
K06	ECDH/P-384	KEY_EXCHANGE_KEM_MIXED	key_exchange_or_kem	SEED_UNCLASSIFIED	NONE	REGISTERED_NOT_IMPLEMENTED	CANDIDATE_NOT_RECOMMENDATION	NO_GENERAL_XOR_ONLY_EQUIVALENCE	CONDITIONAL_PER_SPEC_AND_FIXED_DOMAIN	RMR_FRAMEWORK_AND_FUTURE_CODE_ONLY	false
K07	ECDH/P-521	KEY_EXCHANGE_KEM_MIXED	key_exchange_or_kem	SEED_UNCLASSIFIED	NONE	REGISTERED_NOT_IMPLEMENTED	CANDIDATE_NOT_RECOMMENDATION	NO_GENERAL_XOR_ONLY_EQUIVALENCE	CONDITIONAL_PER_SPEC_AND_FIXED_DOMAIN	RMR_FRAMEWORK_AND_FUTURE_CODE_ONLY	false
K08	FHE	KEY_EXCHANGE_KEM_MIXED	homomorphic_encryption	TAXONOMY_OR_SPEC_AMBIGUITY	NONE	REGISTERED_NOT_IMPLEMENTED	AMBIGUOUS_REQUIRES_SPEC_SELECTION	NO_GENERAL_XOR_ONLY_EQUIVALENCE	CONDITIONAL_PER_SPEC_AND_FIXED_DOMAIN	RMR_FRAMEWORK_AND_FUTURE_CODE_ONLY	false
K09	Kyber/ML-KEM	KEY_EXCHANGE_KEM_MIXED	key_exchange_or_kem	SEED_UNCLASSIFIED	NONE	REGISTERED_NOT_IMPLEMENTED	CANDIDATE_NOT_RECOMMENDATION	NO_GENERAL_XOR_ONLY_EQUIVALENCE	CONDITIONAL_PER_SPEC_AND_FIXED_DOMAIN	RMR_FRAMEWORK_AND_FUTURE_CODE_ONLY	false
K10	CSIDH	KEY_EXCHANGE_KEM_MIXED	key_exchange_or_kem	SEED_UNCLASSIFIED	NONE	REGISTERED_NOT_IMPLEMENTED	CANDIDATE_NOT_RECOMMENDATION	NO_GENERAL_XOR_ONLY_EQUIVALENCE	CONDITIONAL_PER_SPEC_AND_FIXED_DOMAIN	RMR_FRAMEWORK_AND_FUTURE_CODE_ONLY	false
K11	Curve25519	KEY_EXCHANGE_KEM_MIXED	key_exchange_or_kem	TAXONOMY_OR_SPEC_AMBIGUITY	NONE	REGISTERED_NOT_IMPLEMENTED	AMBIGUOUS_REQUIRES_SPEC_SELECTION	NO_GENERAL_XOR_ONLY_EQUIVALENCE	CONDITIONAL_PER_SPEC_AND_FIXED_DOMAIN	RMR_FRAMEWORK_AND_FUTURE_CODE_ONLY	false
K12	ECDH/Brainpool	KEY_EXCHANGE_KEM_MIXED	key_exchange_or_kem	SEED_UNCLASSIFIED	NONE	REGISTERED_NOT_IMPLEMENTED	CANDIDATE_NOT_RECOMMENDATION	NO_GENERAL_XOR_ONLY_EQUIVALENCE	CONDITIONAL_PER_SPEC_AND_FIXED_DOMAIN	RMR_FRAMEWORK_AND_FUTURE_CODE_ONLY	false
K13	ElGamal Key Exchange	KEY_EXCHANGE_KEM_MIXED	key_exchange_or_kem	SEED_UNCLASSIFIED	NONE	REGISTERED_NOT_IMPLEMENTED	CANDIDATE_NOT_RECOMMENDATION	NO_GENERAL_XOR_ONLY_EQUIVALENCE	CONDITIONAL_PER_SPEC_AND_FIXED_DOMAIN	RMR_FRAMEWORK_AND_FUTURE_CODE_ONLY	false
K14	Elliptic Curve MQV	KEY_EXCHANGE_KEM_MIXED	key_exchange_or_kem	SEED_UNCLASSIFIED	NONE	REGISTERED_NOT_IMPLEMENTED	CANDIDATE_NOT_RECOMMENDATION	NO_GENERAL_XOR_ONLY_EQUIVALENCE	CONDITIONAL_PER_SPEC_AND_FIXED_DOMAIN	RMR_FRAMEWORK_AND_FUTURE_CODE_ONLY	false
K15	ECMQV	KEY_EXCHANGE_KEM_MIXED	key_exchange_or_kem	SEED_UNCLASSIFIED	NONE	REGISTERED_NOT_IMPLEMENTED	CANDIDATE_NOT_RECOMMENDATION	NO_GENERAL_XOR_ONLY_EQUIVALENCE	CONDITIONAL_PER_SPEC_AND_FIXED_DOMAIN	RMR_FRAMEWORK_AND_FUTURE_CODE_ONLY	false
K16	DH/1024-bit	KEY_EXCHANGE_KEM_MIXED	key_exchange_or_kem	LEGACY_OR_UNSAFE_FOR_NEW_USE	NONE	REGISTERED_NOT_IMPLEMENTED	LEGACY_OR_UNSAFE_FOR_NEW_USE	NO_GENERAL_XOR_ONLY_EQUIVALENCE	CONDITIONAL_PER_SPEC_AND_FIXED_DOMAIN	RMR_FRAMEWORK_AND_FUTURE_CODE_ONLY	false
K17	Curve P-192	KEY_EXCHANGE_KEM_MIXED	key_exchange_or_kem	LEGACY_OR_UNSAFE_FOR_NEW_USE	NONE	REGISTERED_NOT_IMPLEMENTED	LEGACY_OR_UNSAFE_FOR_NEW_USE	NO_GENERAL_XOR_ONLY_EQUIVALENCE	CONDITIONAL_PER_SPEC_AND_FIXED_DOMAIN	RMR_FRAMEWORK_AND_FUTURE_CODE_ONLY	false
K18	Weil Pairing	KEY_EXCHANGE_KEM_MIXED	pairing_primitive	SEED_UNCLASSIFIED	NONE	REGISTERED_NOT_IMPLEMENTED	CANDIDATE_NOT_RECOMMENDATION	NO_GENERAL_XOR_ONLY_EQUIVALENCE	CONDITIONAL_PER_SPEC_AND_FIXED_DOMAIN	RMR_FRAMEWORK_AND_FUTURE_CODE_ONLY	false
K19	Tate Pairing	KEY_EXCHANGE_KEM_MIXED	pairing_primitive	SEED_UNCLASSIFIED	NONE	REGISTERED_NOT_IMPLEMENTED	CANDIDATE_NOT_RECOMMENDATION	NO_GENERAL_XOR_ONLY_EQUIVALENCE	CONDITIONAL_PER_SPEC_AND_FIXED_DOMAIN	RMR_FRAMEWORK_AND_FUTURE_CODE_ONLY	false
K20	Garden Variety DH	KEY_EXCHANGE_KEM_MIXED	key_exchange_or_kem	TAXONOMY_OR_SPEC_AMBIGUITY	NONE	REGISTERED_NOT_IMPLEMENTED	AMBIGUOUS_REQUIRES_SPEC_SELECTION	NO_GENERAL_XOR_ONLY_EQUIVALENCE	CONDITIONAL_PER_SPEC_AND_FIXED_DOMAIN	RMR_FRAMEWORK_AND_FUTURE_CODE_ONLY	false
M01	HMAC-SHA256	MAC_AEAD_MIXED	mac_or_auth	SEED_UNCLASSIFIED	hmac-sha256	REFERENCE_EXISTING_NOT_REIMPLEMENTED	CANDIDATE_NOT_RECOMMENDATION	NO_GENERAL_XOR_ONLY_EQUIVALENCE	CONDITIONAL_PER_SPEC_AND_FIXED_DOMAIN	RMR_FRAMEWORK_AND_FUTURE_CODE_ONLY	false
M02	HMAC-SHA512	MAC_AEAD_MIXED	mac_or_auth	SEED_UNCLASSIFIED	hmac-sha512	REFERENCE_EXISTING_NOT_REIMPLEMENTED	CANDIDATE_NOT_RECOMMENDATION	NO_GENERAL_XOR_ONLY_EQUIVALENCE	CONDITIONAL_PER_SPEC_AND_FIXED_DOMAIN	RMR_FRAMEWORK_AND_FUTURE_CODE_ONLY	false
M03	AES-GCM	MAC_AEAD_MIXED	aead	TAXONOMY_OR_SPEC_AMBIGUITY	NONE	REGISTERED_NOT_IMPLEMENTED	AMBIGUOUS_REQUIRES_SPEC_SELECTION	NO_GENERAL_XOR_ONLY_EQUIVALENCE	CONDITIONAL_PER_SPEC_AND_FIXED_DOMAIN	RMR_FRAMEWORK_AND_FUTURE_CODE_ONLY	false
M04	Poly1305	MAC_AEAD_MIXED	mac_or_auth	SEED_UNCLASSIFIED	NONE	REGISTERED_NOT_IMPLEMENTED	CANDIDATE_NOT_RECOMMENDATION	NO_GENERAL_XOR_ONLY_EQUIVALENCE	CONDITIONAL_PER_SPEC_AND_FIXED_DOMAIN	RMR_FRAMEWORK_AND_FUTURE_CODE_ONLY	false
M05	CMAC	MAC_AEAD_MIXED	mac_or_auth	SEED_UNCLASSIFIED	NONE	REGISTERED_NOT_IMPLEMENTED	CANDIDATE_NOT_RECOMMENDATION	NO_GENERAL_XOR_ONLY_EQUIVALENCE	CONDITIONAL_PER_SPEC_AND_FIXED_DOMAIN	RMR_FRAMEWORK_AND_FUTURE_CODE_ONLY	false
M06	SipHash	MAC_AEAD_MIXED	mac_or_auth	SEED_UNCLASSIFIED	NONE	REGISTERED_NOT_IMPLEMENTED	CANDIDATE_NOT_RECOMMENDATION	NO_GENERAL_XOR_ONLY_EQUIVALENCE	CONDITIONAL_PER_SPEC_AND_FIXED_DOMAIN	RMR_FRAMEWORK_AND_FUTURE_CODE_ONLY	false
M07	HMAC-BLAKE2	MAC_AEAD_MIXED	mac_or_auth	SEED_UNCLASSIFIED	NONE	REGISTERED_NOT_IMPLEMENTED	CANDIDATE_NOT_RECOMMENDATION	NO_GENERAL_XOR_ONLY_EQUIVALENCE	CONDITIONAL_PER_SPEC_AND_FIXED_DOMAIN	RMR_FRAMEWORK_AND_FUTURE_CODE_ONLY	false
M08	HMAC-SHA3	MAC_AEAD_MIXED	mac_or_auth	SEED_UNCLASSIFIED	NONE	REGISTERED_NOT_IMPLEMENTED	CANDIDATE_NOT_RECOMMENDATION	NO_GENERAL_XOR_ONLY_EQUIVALENCE	CONDITIONAL_PER_SPEC_AND_FIXED_DOMAIN	RMR_FRAMEWORK_AND_FUTURE_CODE_ONLY	false
M09	Poly-AES	MAC_AEAD_MIXED	mac_or_auth	SEED_UNCLASSIFIED	NONE	REGISTERED_NOT_IMPLEMENTED	CANDIDATE_NOT_RECOMMENDATION	NO_GENERAL_XOR_ONLY_EQUIVALENCE	CONDITIONAL_PER_SPEC_AND_FIXED_DOMAIN	RMR_FRAMEWORK_AND_FUTURE_CODE_ONLY	false
M10	KMAC	MAC_AEAD_MIXED	mac_or_auth	SEED_UNCLASSIFIED	NONE	REGISTERED_NOT_IMPLEMENTED	CANDIDATE_NOT_RECOMMENDATION	NO_GENERAL_XOR_ONLY_EQUIVALENCE	CONDITIONAL_PER_SPEC_AND_FIXED_DOMAIN	RMR_FRAMEWORK_AND_FUTURE_CODE_ONLY	false
M11	HMAC-MD5	MAC_AEAD_MIXED	mac_or_auth	LEGACY_OR_UNSAFE_FOR_NEW_USE	NONE	REGISTERED_NOT_IMPLEMENTED	LEGACY_OR_UNSAFE_FOR_NEW_USE	NO_GENERAL_XOR_ONLY_EQUIVALENCE	CONDITIONAL_PER_SPEC_AND_FIXED_DOMAIN	RMR_FRAMEWORK_AND_FUTURE_CODE_ONLY	false
M12	HMAC-RIPEMD	MAC_AEAD_MIXED	mac_or_auth	SEED_UNCLASSIFIED	NONE	REGISTERED_NOT_IMPLEMENTED	CANDIDATE_NOT_RECOMMENDATION	NO_GENERAL_XOR_ONLY_EQUIVALENCE	CONDITIONAL_PER_SPEC_AND_FIXED_DOMAIN	RMR_FRAMEWORK_AND_FUTURE_CODE_ONLY	false
M13	UMAC	MAC_AEAD_MIXED	mac_or_auth	SEED_UNCLASSIFIED	NONE	REGISTERED_NOT_IMPLEMENTED	CANDIDATE_NOT_RECOMMENDATION	NO_GENERAL_XOR_ONLY_EQUIVALENCE	CONDITIONAL_PER_SPEC_AND_FIXED_DOMAIN	RMR_FRAMEWORK_AND_FUTURE_CODE_ONLY	false
M14	One-Time MAC	MAC_AEAD_MIXED	mac_or_auth	SEED_UNCLASSIFIED	NONE	REGISTERED_NOT_IMPLEMENTED	CANDIDATE_NOT_RECOMMENDATION	NO_GENERAL_XOR_ONLY_EQUIVALENCE	CONDITIONAL_PER_SPEC_AND_FIXED_DOMAIN	RMR_FRAMEWORK_AND_FUTURE_CODE_ONLY	false
M15	XMAC	MAC_AEAD_MIXED	mac_or_auth	TAXONOMY_OR_SPEC_AMBIGUITY	NONE	REGISTERED_NOT_IMPLEMENTED	AMBIGUOUS_REQUIRES_SPEC_SELECTION	NO_GENERAL_XOR_ONLY_EQUIVALENCE	CONDITIONAL_PER_SPEC_AND_FIXED_DOMAIN	RMR_FRAMEWORK_AND_FUTURE_CODE_ONLY	false
M16	CBC-MAC	MAC_AEAD_MIXED	mac_or_auth	SEED_UNCLASSIFIED	NONE	REGISTERED_NOT_IMPLEMENTED	CANDIDATE_NOT_RECOMMENDATION	NO_GENERAL_XOR_ONLY_EQUIVALENCE	CONDITIONAL_PER_SPEC_AND_FIXED_DOMAIN	RMR_FRAMEWORK_AND_FUTURE_CODE_ONLY	false
M17	VMAC	MAC_AEAD_MIXED	mac_or_auth	SEED_UNCLASSIFIED	NONE	REGISTERED_NOT_IMPLEMENTED	CANDIDATE_NOT_RECOMMENDATION	NO_GENERAL_XOR_ONLY_EQUIVALENCE	CONDITIONAL_PER_SPEC_AND_FIXED_DOMAIN	RMR_FRAMEWORK_AND_FUTURE_CODE_ONLY	false
M18	PmacPlus	MAC_AEAD_MIXED	mac_or_auth	TAXONOMY_OR_SPEC_AMBIGUITY	NONE	REGISTERED_NOT_IMPLEMENTED	AMBIGUOUS_REQUIRES_SPEC_SELECTION	NO_GENERAL_XOR_ONLY_EQUIVALENCE	CONDITIONAL_PER_SPEC_AND_FIXED_DOMAIN	RMR_FRAMEWORK_AND_FUTURE_CODE_ONLY	false
M19	ALRED	MAC_AEAD_MIXED	mac_or_auth	SEED_UNCLASSIFIED	NONE	REGISTERED_NOT_IMPLEMENTED	CANDIDATE_NOT_RECOMMENDATION	NO_GENERAL_XOR_ONLY_EQUIVALENCE	CONDITIONAL_PER_SPEC_AND_FIXED_DOMAIN	RMR_FRAMEWORK_AND_FUTURE_CODE_ONLY	false
M20	Trivium-MAC	MAC_AEAD_MIXED	mac_or_auth	TAXONOMY_OR_SPEC_AMBIGUITY	NONE	REGISTERED_NOT_IMPLEMENTED	AMBIGUOUS_REQUIRES_SPEC_SELECTION	NO_GENERAL_XOR_ONLY_EQUIVALENCE	CONDITIONAL_PER_SPEC_AND_FIXED_DOMAIN	RMR_FRAMEWORK_AND_FUTURE_CODE_ONLY	false
O01	GCM	MODE_CONSTRUCTION	mode_or_construction	SEED_UNCLASSIFIED	NONE	REGISTERED_NOT_IMPLEMENTED	CANDIDATE_NOT_RECOMMENDATION	NO_GENERAL_XOR_ONLY_EQUIVALENCE	CONDITIONAL_PER_SPEC_AND_FIXED_DOMAIN	RMR_FRAMEWORK_AND_FUTURE_CODE_ONLY	false
O02	CTR	MODE_CONSTRUCTION	mode_or_construction	SEED_UNCLASSIFIED	NONE	REGISTERED_NOT_IMPLEMENTED	CANDIDATE_NOT_RECOMMENDATION	NO_GENERAL_XOR_ONLY_EQUIVALENCE	CONDITIONAL_PER_SPEC_AND_FIXED_DOMAIN	RMR_FRAMEWORK_AND_FUTURE_CODE_ONLY	false
O03	CBC	MODE_CONSTRUCTION	mode_or_construction	SEED_UNCLASSIFIED	NONE	REGISTERED_NOT_IMPLEMENTED	CANDIDATE_NOT_RECOMMENDATION	NO_GENERAL_XOR_ONLY_EQUIVALENCE	CONDITIONAL_PER_SPEC_AND_FIXED_DOMAIN	RMR_FRAMEWORK_AND_FUTURE_CODE_ONLY	false
O04	ECB	MODE_CONSTRUCTION	mode_or_construction	LEGACY_OR_UNSAFE_FOR_NEW_USE	NONE	REGISTERED_NOT_IMPLEMENTED	LEGACY_OR_UNSAFE_FOR_NEW_USE	NO_GENERAL_XOR_ONLY_EQUIVALENCE	CONDITIONAL_PER_SPEC_AND_FIXED_DOMAIN	RMR_FRAMEWORK_AND_FUTURE_CODE_ONLY	false
O05	OFB	MODE_CONSTRUCTION	mode_or_construction	SEED_UNCLASSIFIED	NONE	REGISTERED_NOT_IMPLEMENTED	CANDIDATE_NOT_RECOMMENDATION	NO_GENERAL_XOR_ONLY_EQUIVALENCE	CONDITIONAL_PER_SPEC_AND_FIXED_DOMAIN	RMR_FRAMEWORK_AND_FUTURE_CODE_ONLY	false
O06	OCB	MODE_CONSTRUCTION	mode_or_construction	SEED_UNCLASSIFIED	NONE	REGISTERED_NOT_IMPLEMENTED	CANDIDATE_NOT_RECOMMENDATION	NO_GENERAL_XOR_ONLY_EQUIVALENCE	CONDITIONAL_PER_SPEC_AND_FIXED_DOMAIN	RMR_FRAMEWORK_AND_FUTURE_CODE_ONLY	false
O07	SIV	MODE_CONSTRUCTION	mode_or_construction	SEED_UNCLASSIFIED	NONE	REGISTERED_NOT_IMPLEMENTED	CANDIDATE_NOT_RECOMMENDATION	NO_GENERAL_XOR_ONLY_EQUIVALENCE	CONDITIONAL_PER_SPEC_AND_FIXED_DOMAIN	RMR_FRAMEWORK_AND_FUTURE_CODE_ONLY	false
O08	EAX	MODE_CONSTRUCTION	mode_or_construction	SEED_UNCLASSIFIED	NONE	REGISTERED_NOT_IMPLEMENTED	CANDIDATE_NOT_RECOMMENDATION	NO_GENERAL_XOR_ONLY_EQUIVALENCE	CONDITIONAL_PER_SPEC_AND_FIXED_DOMAIN	RMR_FRAMEWORK_AND_FUTURE_CODE_ONLY	false
O09	CCM	MODE_CONSTRUCTION	mode_or_construction	SEED_UNCLASSIFIED	NONE	REGISTERED_NOT_IMPLEMENTED	CANDIDATE_NOT_RECOMMENDATION	NO_GENERAL_XOR_ONLY_EQUIVALENCE	CONDITIONAL_PER_SPEC_AND_FIXED_DOMAIN	RMR_FRAMEWORK_AND_FUTURE_CODE_ONLY	false
O10	AEAD Generic	MODE_CONSTRUCTION	mode_or_construction	TAXONOMY_OR_SPEC_AMBIGUITY	NONE	REGISTERED_NOT_IMPLEMENTED	AMBIGUOUS_REQUIRES_SPEC_SELECTION	NO_GENERAL_XOR_ONLY_EQUIVALENCE	CONDITIONAL_PER_SPEC_AND_FIXED_DOMAIN	RMR_FRAMEWORK_AND_FUTURE_CODE_ONLY	false
O11	CFB	MODE_CONSTRUCTION	mode_or_construction	SEED_UNCLASSIFIED	NONE	REGISTERED_NOT_IMPLEMENTED	CANDIDATE_NOT_RECOMMENDATION	NO_GENERAL_XOR_ONLY_EQUIVALENCE	CONDITIONAL_PER_SPEC_AND_FIXED_DOMAIN	RMR_FRAMEWORK_AND_FUTURE_CODE_ONLY	false
O12	CTS	MODE_CONSTRUCTION	mode_or_construction	SEED_UNCLASSIFIED	NONE	REGISTERED_NOT_IMPLEMENTED	CANDIDATE_NOT_RECOMMENDATION	NO_GENERAL_XOR_ONLY_EQUIVALENCE	CONDITIONAL_PER_SPEC_AND_FIXED_DOMAIN	RMR_FRAMEWORK_AND_FUTURE_CODE_ONLY	false
O13	PCBC	MODE_CONSTRUCTION	mode_or_construction	SEED_UNCLASSIFIED	NONE	REGISTERED_NOT_IMPLEMENTED	CANDIDATE_NOT_RECOMMENDATION	NO_GENERAL_XOR_ONLY_EQUIVALENCE	CONDITIONAL_PER_SPEC_AND_FIXED_DOMAIN	RMR_FRAMEWORK_AND_FUTURE_CODE_ONLY	false
O14	Infinite Garble Extension	MODE_CONSTRUCTION	mode_or_construction	TAXONOMY_OR_SPEC_AMBIGUITY	NONE	REGISTERED_NOT_IMPLEMENTED	AMBIGUOUS_REQUIRES_SPEC_SELECTION	NO_GENERAL_XOR_ONLY_EQUIVALENCE	CONDITIONAL_PER_SPEC_AND_FIXED_DOMAIN	RMR_FRAMEWORK_AND_FUTURE_CODE_ONLY	false
O15	HELIX	MODE_CONSTRUCTION	mode_or_construction	SEED_UNCLASSIFIED	NONE	REGISTERED_NOT_IMPLEMENTED	CANDIDATE_NOT_RECOMMENDATION	NO_GENERAL_XOR_ONLY_EQUIVALENCE	CONDITIONAL_PER_SPEC_AND_FIXED_DOMAIN	RMR_FRAMEWORK_AND_FUTURE_CODE_ONLY	false
O16	PES	MODE_CONSTRUCTION	mode_or_construction	TAXONOMY_OR_SPEC_AMBIGUITY	NONE	REGISTERED_NOT_IMPLEMENTED	AMBIGUOUS_REQUIRES_SPEC_SELECTION	NO_GENERAL_XOR_ONLY_EQUIVALENCE	CONDITIONAL_PER_SPEC_AND_FIXED_DOMAIN	RMR_FRAMEWORK_AND_FUTURE_CODE_ONLY	false
O17	CMAC Mode	MODE_CONSTRUCTION	mode_or_construction	TAXONOMY_OR_SPEC_AMBIGUITY	NONE	REGISTERED_NOT_IMPLEMENTED	AMBIGUOUS_REQUIRES_SPEC_SELECTION	NO_GENERAL_XOR_ONLY_EQUIVALENCE	CONDITIONAL_PER_SPEC_AND_FIXED_DOMAIN	RMR_FRAMEWORK_AND_FUTURE_CODE_ONLY	false
O18	Xor-MAC Modes	MODE_CONSTRUCTION	mode_or_construction	SEED_UNCLASSIFIED	NONE	REGISTERED_NOT_IMPLEMENTED	CANDIDATE_NOT_RECOMMENDATION	NO_GENERAL_XOR_ONLY_EQUIVALENCE	CONDITIONAL_PER_SPEC_AND_FIXED_DOMAIN	RMR_FRAMEWORK_AND_FUTURE_CODE_ONLY	false
O19	Stream Cipher Modes	MODE_CONSTRUCTION	mode_or_construction	SEED_UNCLASSIFIED	NONE	REGISTERED_NOT_IMPLEMENTED	CANDIDATE_NOT_RECOMMENDATION	NO_GENERAL_XOR_ONLY_EQUIVALENCE	CONDITIONAL_PER_SPEC_AND_FIXED_DOMAIN	RMR_FRAMEWORK_AND_FUTURE_CODE_ONLY	false
O20	Raw Block Cipher	MODE_CONSTRUCTION	mode_or_construction	LEGACY_OR_UNSAFE_FOR_NEW_USE	NONE	REGISTERED_NOT_IMPLEMENTED	LEGACY_OR_UNSAFE_FOR_NEW_USE	NO_GENERAL_XOR_ONLY_EQUIVALENCE	CONDITIONAL_PER_SPEC_AND_FIXED_DOMAIN	RMR_FRAMEWORK_AND_FUTURE_CODE_ONLY	false
D01	Argon2i/id	KDF_PASSWORD	kdf_or_password_kdf	SEED_UNCLASSIFIED	NONE	REGISTERED_NOT_IMPLEMENTED	CANDIDATE_NOT_RECOMMENDATION	NO_GENERAL_XOR_ONLY_EQUIVALENCE	CONDITIONAL_PER_SPEC_AND_FIXED_DOMAIN	RMR_FRAMEWORK_AND_FUTURE_CODE_ONLY	false
D02	Argon2d	KDF_PASSWORD	kdf_or_password_kdf	SEED_UNCLASSIFIED	NONE	REGISTERED_NOT_IMPLEMENTED	CANDIDATE_NOT_RECOMMENDATION	NO_GENERAL_XOR_ONLY_EQUIVALENCE	CONDITIONAL_PER_SPEC_AND_FIXED_DOMAIN	RMR_FRAMEWORK_AND_FUTURE_CODE_ONLY	false
D03	Scrypt	KDF_PASSWORD	kdf_or_password_kdf	SEED_UNCLASSIFIED	NONE	REGISTERED_NOT_IMPLEMENTED	CANDIDATE_NOT_RECOMMENDATION	NO_GENERAL_XOR_ONLY_EQUIVALENCE	CONDITIONAL_PER_SPEC_AND_FIXED_DOMAIN	RMR_FRAMEWORK_AND_FUTURE_CODE_ONLY	false
D04	PBKDF2	KDF_PASSWORD	kdf_or_password_kdf	SEED_UNCLASSIFIED	pbkdf2-hmac-sha256	REFERENCE_EXISTING_NOT_REIMPLEMENTED	CANDIDATE_NOT_RECOMMENDATION	NO_GENERAL_XOR_ONLY_EQUIVALENCE	CONDITIONAL_PER_SPEC_AND_FIXED_DOMAIN	RMR_FRAMEWORK_AND_FUTURE_CODE_ONLY	false
D05	bcrypt	KDF_PASSWORD	kdf_or_password_kdf	SEED_UNCLASSIFIED	NONE	REGISTERED_NOT_IMPLEMENTED	CANDIDATE_NOT_RECOMMENDATION	NO_GENERAL_XOR_ONLY_EQUIVALENCE	CONDITIONAL_PER_SPEC_AND_FIXED_DOMAIN	RMR_FRAMEWORK_AND_FUTURE_CODE_ONLY	false
D06	HKDF	KDF_PASSWORD	kdf_or_password_kdf	SEED_UNCLASSIFIED	NONE	REGISTERED_NOT_IMPLEMENTED	CANDIDATE_NOT_RECOMMENDATION	NO_GENERAL_XOR_ONLY_EQUIVALENCE	CONDITIONAL_PER_SPEC_AND_FIXED_DOMAIN	RMR_FRAMEWORK_AND_FUTURE_CODE_ONLY	false
D07	HKDF-SHA256	KDF_PASSWORD	kdf_or_password_kdf	SEED_UNCLASSIFIED	hkdf-sha256	REFERENCE_EXISTING_NOT_REIMPLEMENTED	CANDIDATE_NOT_RECOMMENDATION	NO_GENERAL_XOR_ONLY_EQUIVALENCE	CONDITIONAL_PER_SPEC_AND_FIXED_DOMAIN	RMR_FRAMEWORK_AND_FUTURE_CODE_ONLY	false
D08	Balloon Hashing	KDF_PASSWORD	kdf_or_password_kdf	SEED_UNCLASSIFIED	NONE	REGISTERED_NOT_IMPLEMENTED	CANDIDATE_NOT_RECOMMENDATION	NO_GENERAL_XOR_ONLY_EQUIVALENCE	CONDITIONAL_PER_SPEC_AND_FIXED_DOMAIN	RMR_FRAMEWORK_AND_FUTURE_CODE_ONLY	false
D09	yescrypt	KDF_PASSWORD	kdf_or_password_kdf	SEED_UNCLASSIFIED	NONE	REGISTERED_NOT_IMPLEMENTED	CANDIDATE_NOT_RECOMMENDATION	NO_GENERAL_XOR_ONLY_EQUIVALENCE	CONDITIONAL_PER_SPEC_AND_FIXED_DOMAIN	RMR_FRAMEWORK_AND_FUTURE_CODE_ONLY	false
D10	Catena	KDF_PASSWORD	kdf_or_password_kdf	SEED_UNCLASSIFIED	NONE	REGISTERED_NOT_IMPLEMENTED	CANDIDATE_NOT_RECOMMENDATION	NO_GENERAL_XOR_ONLY_EQUIVALENCE	CONDITIONAL_PER_SPEC_AND_FIXED_DOMAIN	RMR_FRAMEWORK_AND_FUTURE_CODE_ONLY	false
D11	KDF1	KDF_PASSWORD	kdf_or_password_kdf	SEED_UNCLASSIFIED	NONE	REGISTERED_NOT_IMPLEMENTED	CANDIDATE_NOT_RECOMMENDATION	NO_GENERAL_XOR_ONLY_EQUIVALENCE	CONDITIONAL_PER_SPEC_AND_FIXED_DOMAIN	RMR_FRAMEWORK_AND_FUTURE_CODE_ONLY	false
D12	EVP_BytesToKey	KDF_PASSWORD	kdf_or_password_kdf	SEED_UNCLASSIFIED	NONE	REGISTERED_NOT_IMPLEMENTED	CANDIDATE_NOT_RECOMMENDATION	NO_GENERAL_XOR_ONLY_EQUIVALENCE	CONDITIONAL_PER_SPEC_AND_FIXED_DOMAIN	RMR_FRAMEWORK_AND_FUTURE_CODE_ONLY	false
D13	PBKDF1	KDF_PASSWORD	kdf_or_password_kdf	SEED_UNCLASSIFIED	NONE	REGISTERED_NOT_IMPLEMENTED	CANDIDATE_NOT_RECOMMENDATION	NO_GENERAL_XOR_ONLY_EQUIVALENCE	CONDITIONAL_PER_SPEC_AND_FIXED_DOMAIN	RMR_FRAMEWORK_AND_FUTURE_CODE_ONLY	false
D14	PKCS#5	KDF_PASSWORD	kdf_or_password_kdf	TAXONOMY_OR_SPEC_AMBIGUITY	NONE	REGISTERED_NOT_IMPLEMENTED	AMBIGUOUS_REQUIRES_SPEC_SELECTION	NO_GENERAL_XOR_ONLY_EQUIVALENCE	CONDITIONAL_PER_SPEC_AND_FIXED_DOMAIN	RMR_FRAMEWORK_AND_FUTURE_CODE_ONLY	false
D15	Lyra2	KDF_PASSWORD	kdf_or_password_kdf	SEED_UNCLASSIFIED	NONE	REGISTERED_NOT_IMPLEMENTED	CANDIDATE_NOT_RECOMMENDATION	NO_GENERAL_XOR_ONLY_EQUIVALENCE	CONDITIONAL_PER_SPEC_AND_FIXED_DOMAIN	RMR_FRAMEWORK_AND_FUTURE_CODE_ONLY	false
D16	Simple iteration	KDF_PASSWORD	kdf_or_password_kdf	LEGACY_OR_UNSAFE_FOR_NEW_USE	NONE	REGISTERED_NOT_IMPLEMENTED	LEGACY_OR_UNSAFE_FOR_NEW_USE	NO_GENERAL_XOR_ONLY_EQUIVALENCE	CONDITIONAL_PER_SPEC_AND_FIXED_DOMAIN	RMR_FRAMEWORK_AND_FUTURE_CODE_ONLY	false
D17	SHA256-iterado	KDF_PASSWORD	kdf_or_password_kdf	LEGACY_OR_UNSAFE_FOR_NEW_USE	NONE	REGISTERED_NOT_IMPLEMENTED	LEGACY_OR_UNSAFE_FOR_NEW_USE	NO_GENERAL_XOR_ONLY_EQUIVALENCE	CONDITIONAL_PER_SPEC_AND_FIXED_DOMAIN	RMR_FRAMEWORK_AND_FUTURE_CODE_ONLY	false
D18	Raw HMAC	KDF_PASSWORD	kdf_or_password_kdf	SEED_UNCLASSIFIED	NONE	REGISTERED_NOT_IMPLEMENTED	CANDIDATE_NOT_RECOMMENDATION	NO_GENERAL_XOR_ONLY_EQUIVALENCE	CONDITIONAL_PER_SPEC_AND_FIXED_DOMAIN	RMR_FRAMEWORK_AND_FUTURE_CODE_ONLY	false
D19	MD5-based	KDF_PASSWORD	kdf_or_password_kdf	LEGACY_OR_UNSAFE_FOR_NEW_USE	NONE	REGISTERED_NOT_IMPLEMENTED	LEGACY_OR_UNSAFE_FOR_NEW_USE	NO_GENERAL_XOR_ONLY_EQUIVALENCE	CONDITIONAL_PER_SPEC_AND_FIXED_DOMAIN	RMR_FRAMEWORK_AND_FUTURE_CODE_ONLY	false
D20	XOR-based KDF	KDF_PASSWORD	kdf_or_password_kdf	LEGACY_OR_UNSAFE_FOR_NEW_USE	NONE	REGISTERED_NOT_IMPLEMENTED	LEGACY_OR_UNSAFE_FOR_NEW_USE	NO_GENERAL_XOR_ONLY_EQUIVALENCE	CONDITIONAL_PER_SPEC_AND_FIXED_DOMAIN	RMR_FRAMEWORK_AND_FUTURE_CODE_ONLY	false
