execution_id	workflow_run_id	workflow_name	artifact_id	artifact_name	size_bytes	digest	expired	created_at_utc	updated_at_utc	expires_at_utc
BLAKE3-RMR-EXEC-V1-9571c928808b-20260928T064421Z-99of99	36387950926	RMR full validation matrix	10955575068	rmr-full-binary-cross	112940	sha256:ef8074a09966ce0592ef49128ceaf11f16fe321716723000ef14f775c3b7286d	false	2026-09-28T06:47:13Z	2026-09-28T06:47:13Z	2026-12-27T06:44:21Z
BLAKE3-RMR-EXEC-V1-9571c928808b-20260928T064421Z-99of99	36387950926	RMR full validation matrix	10955237784	rmr-full-rust-cli	14210	sha256:f604085734f5a1af9f478c4f114382d6425396ef59d9da22cd97c5e7708fcf66	false	2026-09-28T06:48:09Z	2026-09-28T06:48:09Z	2026-12-27T06:44:21Z
BLAKE3-RMR-EXEC-V1-9571c928808b-20260928T064421Z-99of99	36387950926	RMR full validation matrix	10955123993	rmr-full-validation-receipt	2284	sha256:4473690616b72ef91ce698765ed19cce08ba831fb130ae2c907d26da3a5112fd	false	2026-09-28T06:52:52Z	2026-09-28T06:52:52Z	2026-12-27T06:44:21Z
BLAKE3-RMR-EXEC-V1-9571c928808b-20260928T064421Z-99of99	36387950926	RMR full validation matrix	10954524078	rmr-full-c-performance	41694	sha256:265b47cb510845034706d281a62822ac0ffe746251182374555c21923ee068f1	false	2026-09-28T06:47:35Z	2026-09-28T06:47:35Z	2026-12-27T06:44:21Z
BLAKE3-RMR-EXEC-V1-9571c928808b-20260928T064421Z-99of99	36387950926	RMR full validation matrix	10954119681	rmr-full-c-correctness	2264	sha256:83b37c1ab2d5dc8ed4202cb63a445fb34118cdff0f95f5ae97856e5f43dde7a9	false	2026-09-28T06:45:29Z	2026-09-28T06:45:29Z	2026-12-27T06:44:21Z
BLAKE3-RMR-EXEC-V1-9571c928808b-20260928T064421Z-99of99	36387950997	RMR crypto runtime matrix	10954933894	rmr-crypto-runtime-matrix	5064	sha256:54e574f66e713c08630a1106d62e6cb1529bd354d42edc6beb45ad4189351630	false	2026-09-28T06:45:14Z	2026-09-28T06:45:14Z	2026-12-27T06:44:21Z
BLAKE3-RMR-EXEC-V1-9571c928808b-20260928T064421Z-99of99	36387950918	RMR BLAKE3 Reproducibility Gate	10954299346	rmr-blake3-repro-receipts	9499	sha256:c99e7a0d1c943996c592ff1ccc38a94cb75c5c6eb0bb835c4612147aabdfbdff	false	2026-09-28T06:45:41Z	2026-09-28T06:45:41Z	2026-12-27T06:44:21Z
BLAKE3-RMR-EXEC-V1-9571c928808b-20260928T064421Z-99of99	36387951049	RMR hardware build topology	10954864289	rmr-hardware-build-topology	11759	sha256:637ce741fc085726be9c53427c386aa23c3c73a99ed762140604435b7c603154	false	2026-09-28T06:45:50Z	2026-09-28T06:45:50Z	2026-12-27T06:44:21Z
BLAKE3-RMR-EXEC-V1-9571c928808b-20260928T064421Z-99of99	36387950933	RMR SIMPERF	10955282093	rmr-simperf-receipts	1939	sha256:230ae4406d97fa9f0a41ded1f764f1ad36592284b1c9d933ca0e88d434464c9a	false	2026-09-28T06:45:52Z	2026-09-28T06:45:52Z	2026-12-27T06:44:21Z
BLAKE3-RMR-EXEC-V1-9571c928808b-20260928T064421Z-99of99	36387951003	RMR upstream comprehensive V3	10955700217	upstream-v3-rust-cli	14190	sha256:b4c720e503188e1f15bbb836d42e3486dc865cfa1518c0f8dee6c34388536c95	false	2026-09-28T06:50:04Z	2026-09-28T06:50:04Z	2026-12-27T06:44:21Z
BLAKE3-RMR-EXEC-V1-9571c928808b-20260928T064421Z-99of99	36387951003	RMR upstream comprehensive V3	10955565047	upstream-v3-rmr-integration	19245	sha256:0d3e11ce68a69192a8e856785fc0abdd6348f9d3306b381556b1347962367982	false	2026-09-28T06:48:45Z	2026-09-28T06:48:45Z	2026-12-27T06:44:21Z
BLAKE3-RMR-EXEC-V1-9571c928808b-20260928T064421Z-99of99	36387951003	RMR upstream comprehensive V3	10955535341	upstream-v3-source	46117	sha256:ba2ec906d8be53950c56dd9934037646d0a553e12d1b09e3172bb8fd1bd2746a	false	2026-09-28T06:47:49Z	2026-09-28T06:47:49Z	2026-12-27T06:44:21Z
BLAKE3-RMR-EXEC-V1-9571c928808b-20260928T064421Z-99of99	36387951003	RMR upstream comprehensive V3	10955495267	upstream-v3-c-quality	71078	sha256:5932253603c3bcc4eab4448c61ae7f682e34e503b92614710f09a8210f23c735	false	2026-09-28T06:46:21Z	2026-09-28T06:46:21Z	2026-12-27T06:44:21Z
BLAKE3-RMR-EXEC-V1-9571c928808b-20260928T064421Z-99of99	36387951003	RMR upstream comprehensive V3	10955402742	upstream-v3-final-receipt	2186	sha256:a07e72fd331ca6b743401f3a9bc139637e26c75ed8ffb04165c056019e7b1837	false	2026-09-28T06:56:56Z	2026-09-28T06:56:56Z	2026-12-27T06:44:21Z
BLAKE3-RMR-EXEC-V1-9571c928808b-20260928T064421Z-99of99	36387951003	RMR upstream comprehensive V3	10955396199	upstream-v3-cross-arch	2968	sha256:a5683cf7658a4ccaa162159c71c281ed64449d545d8f94ae9d600446d6b4ba06	false	2026-09-28T06:46:44Z	2026-09-28T06:46:44Z	2026-12-27T06:44:21Z
BLAKE3-RMR-EXEC-V1-9571c928808b-20260928T064421Z-99of99	36387951003	RMR upstream comprehensive V3	10955332054	upstream-v3-tbb	3734	sha256:b65304a125d328550c799fd90a7df080c8e37ca74a3b37270498900ee6423e0e	false	2026-09-28T06:47:13Z	2026-09-28T06:47:13Z	2026-12-27T06:44:21Z
BLAKE3-RMR-EXEC-V1-9571c928808b-20260928T064421Z-99of99	36387951003	RMR upstream comprehensive V3	10955317229	upstream-v3-backends	29500	sha256:cbf6c5a014e58afd316e854bb6d7756f1681b9185e1238f0a2b769b487a7f51d	false	2026-09-28T06:47:40Z	2026-09-28T06:47:40Z	2026-12-27T06:44:21Z
BLAKE3-RMR-EXEC-V1-9571c928808b-20260928T064421Z-99of99	36387951003	RMR upstream comprehensive V3	10954973955	upstream-v3-core-performance	8698	sha256:ddd6ecd98e122e8f6bf146a83bcdea97dd970be6d9181001cd934d6f11a3bf41	false	2026-09-28T06:47:29Z	2026-09-28T06:47:29Z	2026-12-27T06:44:21Z
BLAKE3-RMR-EXEC-V1-9571c928808b-20260928T064421Z-99of99	36387951003	RMR upstream comprehensive V3	10954859596	upstream-v3-abi-elf	16258	sha256:48405ed1cd7be1f81ab7f8c3de6d60d859a54c91ccf3d18ff3cb9a8505249f24	false	2026-09-28T06:47:56Z	2026-09-28T06:47:56Z	2026-12-27T06:44:21Z
BLAKE3-RMR-EXEC-V1-9571c928808b-20260928T064421Z-99of99	36387950968	RMR BLAKE3 upstream compare V2	10955302056	rmr-blake3-upstream-compare-v2	9986	sha256:c10e509c41bb3659efd1071d7e3896660ba522294273d6c6d794d4d9d4ca4fd8	false	2026-09-28T06:46:38Z	2026-09-28T06:46:38Z	2026-12-27T06:44:21Z
