execution_id	ordinal_by_start	check_run_id	workflow_run_id	name	status	conclusion	started_at_utc	completed_at_utc	duration_seconds	details_url
BLAKE3-RMR-EXEC-V1-9571c928808b-20260928T064421Z-99of99	1	108817255544	36387950926	c-correctness	completed	success	2026-09-28T06:44:37Z	2026-09-28T06:45:31Z	54	https://github.com/rafaelmeloreisnovo/BLAKE3/actions/runs/36387950926/job/108817255544
BLAKE3-RMR-EXEC-V1-9571c928808b-20260928T064421Z-99of99	2	108817255489	36387950893	b3sum Linux GNU (arm64) beta	completed	success	2026-09-28T06:44:39Z	2026-09-28T06:44:59Z	20	https://github.com/rafaelmeloreisnovo/BLAKE3/actions/runs/36387950893/job/108817255489
BLAKE3-RMR-EXEC-V1-9571c928808b-20260928T064421Z-99of99	3	108817255565	36387950893	WASM tests	completed	success	2026-09-28T06:44:40Z	2026-09-28T06:45:40Z	60	https://github.com/rafaelmeloreisnovo/BLAKE3/actions/runs/36387950893/job/108817255565
BLAKE3-RMR-EXEC-V1-9571c928808b-20260928T064421Z-99of99	4	108817255333	36387950997	runtime	completed	success	2026-09-28T06:44:56Z	2026-09-28T06:45:16Z	20	https://github.com/rafaelmeloreisnovo/BLAKE3/actions/runs/36387950997/job/108817255333
BLAKE3-RMR-EXEC-V1-9571c928808b-20260928T064421Z-99of99	5	108817255605	36387950893	b3sum Windows MSVC nightly	completed	success	2026-09-28T06:45:01Z	2026-09-28T06:45:50Z	49	https://github.com/rafaelmeloreisnovo/BLAKE3/actions/runs/36387950893/job/108817255605
BLAKE3-RMR-EXEC-V1-9571c928808b-20260928T064421Z-99of99	6	108817255034	36387950918	reproduce	completed	success	2026-09-28T06:45:03Z	2026-09-28T06:45:44Z	41	https://github.com/rafaelmeloreisnovo/BLAKE3/actions/runs/36387950918/job/108817255034
BLAKE3-RMR-EXEC-V1-9571c928808b-20260928T064421Z-99of99	7	108817255022	36387950942	standalone	completed	success	2026-09-28T06:45:07Z	2026-09-28T06:45:29Z	22	https://github.com/rafaelmeloreisnovo/BLAKE3/actions/runs/36387950942/job/108817255022
BLAKE3-RMR-EXEC-V1-9571c928808b-20260928T064421Z-99of99	8	108817255550	36387950893	Linux GNU (arm64) stable	completed	success	2026-09-28T06:45:13Z	2026-09-28T06:49:30Z	257	https://github.com/rafaelmeloreisnovo/BLAKE3/actions/runs/36387950893/job/108817255550
BLAKE3-RMR-EXEC-V1-9571c928808b-20260928T064421Z-99of99	9	108817255604	36387950893	TBB test bindings macOS-latest	completed	success	2026-09-28T06:45:18Z	2026-09-28T06:45:46Z	28	https://github.com/rafaelmeloreisnovo/BLAKE3/actions/runs/36387950893/job/108817255604
BLAKE3-RMR-EXEC-V1-9571c928808b-20260928T064421Z-99of99	10	108817255611	36387950893	Linux GNU (arm64) nightly	completed	success	2026-09-28T06:45:23Z	2026-09-28T06:49:20Z	237	https://github.com/rafaelmeloreisnovo/BLAKE3/actions/runs/36387950893/job/108817255611
BLAKE3-RMR-EXEC-V1-9571c928808b-20260928T064421Z-99of99	11	108817255001	36387950960	boundary	completed	success	2026-09-28T06:45:25Z	2026-09-28T06:45:30Z	5	https://github.com/rafaelmeloreisnovo/BLAKE3/actions/runs/36387950960/job/108817255001
BLAKE3-RMR-EXEC-V1-9571c928808b-20260928T064421Z-99of99	12	108817255915	36387951049	topology	completed	success	2026-09-28T06:45:31Z	2026-09-28T06:45:53Z	22	https://github.com/rafaelmeloreisnovo/BLAKE3/actions/runs/36387951049/job/108817255915
BLAKE3-RMR-EXEC-V1-9571c928808b-20260928T064421Z-99of99	13	108817255814	36387950893	CMake windows-latest CC=clang-cl CXX=clang-cl TBB=OFF	completed	success	2026-09-28T06:45:33Z	2026-09-28T06:46:10Z	37	https://github.com/rafaelmeloreisnovo/BLAKE3/actions/runs/36387950893/job/108817255814
BLAKE3-RMR-EXEC-V1-9571c928808b-20260928T064421Z-99of99	14	108817255146	36387950917	Validate RVC1 ZIP custody contract	completed	success	2026-09-28T06:45:41Z	2026-09-28T06:45:49Z	8	https://github.com/rafaelmeloreisnovo/BLAKE3/actions/runs/36387950917/job/108817255146
BLAKE3-RMR-EXEC-V1-9571c928808b-20260928T064421Z-99of99	15	108817255201	36387950933	simperf	completed	success	2026-09-28T06:45:45Z	2026-09-28T06:45:54Z	9	https://github.com/rafaelmeloreisnovo/BLAKE3/actions/runs/36387950933/job/108817255201
BLAKE3-RMR-EXEC-V1-9571c928808b-20260928T064421Z-99of99	16	108817255099	36387950923	boundary	completed	success	2026-09-28T06:45:45Z	2026-09-28T06:45:52Z	7	https://github.com/rafaelmeloreisnovo/BLAKE3/actions/runs/36387950923/job/108817255099
BLAKE3-RMR-EXEC-V1-9571c928808b-20260928T064421Z-99of99	17	108817255674	36387951003	c-quality	completed	success	2026-09-28T06:45:50Z	2026-09-28T06:46:23Z	33	https://github.com/rafaelmeloreisnovo/BLAKE3/actions/runs/36387951003/job/108817255674
BLAKE3-RMR-EXEC-V1-9571c928808b-20260928T064421Z-99of99	18	108817255842	36387950893	CMake windows-latest CC=clang-cl CXX=clang-cl TBB=ON	completed	success	2026-09-28T06:45:56Z	2026-09-28T06:47:14Z	78	https://github.com/rafaelmeloreisnovo/BLAKE3/actions/runs/36387950893/job/108817255842
BLAKE3-RMR-EXEC-V1-9571c928808b-20260928T064421Z-99of99	19	108817255265	36387950968	compare	completed	success	2026-09-28T06:46:01Z	2026-09-28T06:46:40Z	39	https://github.com/rafaelmeloreisnovo/BLAKE3/actions/runs/36387950968/job/108817255265
BLAKE3-RMR-EXEC-V1-9571c928808b-20260928T064421Z-99of99	20	108817255833	36387951003	cross-arch	completed	success	2026-09-28T06:46:02Z	2026-09-28T06:46:46Z	44	https://github.com/rafaelmeloreisnovo/BLAKE3/actions/runs/36387951003/job/108817255833
BLAKE3-RMR-EXEC-V1-9571c928808b-20260928T064421Z-99of99	21	108817255435	36387950926	rust-cli	completed	success	2026-09-28T06:46:03Z	2026-09-28T06:48:11Z	128	https://github.com/rafaelmeloreisnovo/BLAKE3/actions/runs/36387950926/job/108817255435
BLAKE3-RMR-EXEC-V1-9571c928808b-20260928T064421Z-99of99	22	108817255501	36387950902	freestanding140	completed	success	2026-09-28T06:46:12Z	2026-09-28T06:46:31Z	19	https://github.com/rafaelmeloreisnovo/BLAKE3/actions/runs/36387950902/job/108817255501
BLAKE3-RMR-EXEC-V1-9571c928808b-20260928T064421Z-99of99	23	108817255705	36387950926	c-performance	completed	success	2026-09-28T06:46:20Z	2026-09-28T06:47:37Z	77	https://github.com/rafaelmeloreisnovo/BLAKE3/actions/runs/36387950926/job/108817255705
BLAKE3-RMR-EXEC-V1-9571c928808b-20260928T064421Z-99of99	24	108817255695	36387951003	backends	completed	success	2026-09-28T06:46:32Z	2026-09-28T06:47:41Z	69	https://github.com/rafaelmeloreisnovo/BLAKE3/actions/runs/36387951003/job/108817255695
BLAKE3-RMR-EXEC-V1-9571c928808b-20260928T064421Z-99of99	25	108817255672	36387950926	binary-cross	completed	success	2026-09-28T06:46:32Z	2026-09-28T06:47:16Z	44	https://github.com/rafaelmeloreisnovo/BLAKE3/actions/runs/36387950926/job/108817255672
BLAKE3-RMR-EXEC-V1-9571c928808b-20260928T064421Z-99of99	26	108817255549	36387951003	tbb	completed	success	2026-09-28T06:46:47Z	2026-09-28T06:47:15Z	28	https://github.com/rafaelmeloreisnovo/BLAKE3/actions/runs/36387951003/job/108817255549
BLAKE3-RMR-EXEC-V1-9571c928808b-20260928T064421Z-99of99	27	108817255722	36387951003	core-performance	completed	success	2026-09-28T06:46:49Z	2026-09-28T06:47:30Z	41	https://github.com/rafaelmeloreisnovo/BLAKE3/actions/runs/36387951003/job/108817255722
BLAKE3-RMR-EXEC-V1-9571c928808b-20260928T064421Z-99of99	28	108817255783	36387950893	b3sum Linux GNU (arm64) stable	completed	success	2026-09-28T06:47:03Z	2026-09-28T06:47:30Z	27	https://github.com/rafaelmeloreisnovo/BLAKE3/actions/runs/36387950893/job/108817255783
BLAKE3-RMR-EXEC-V1-9571c928808b-20260928T064421Z-99of99	29	108817255627	36387950893	MSRV build windows-latest	completed	success	2026-09-28T06:47:16Z	2026-09-28T06:47:52Z	36	https://github.com/rafaelmeloreisnovo/BLAKE3/actions/runs/36387950893/job/108817255627
BLAKE3-RMR-EXEC-V1-9571c928808b-20260928T064421Z-99of99	30	108817255571	36387950893	b3sum Linux GNU beta	completed	success	2026-09-28T06:47:17Z	2026-09-28T06:47:38Z	21	https://github.com/rafaelmeloreisnovo/BLAKE3/actions/runs/36387950893/job/108817255571
BLAKE3-RMR-EXEC-V1-9571c928808b-20260928T064421Z-99of99	31	108817255660	36387950893	b3sum Linux GNU (arm64) nightly	completed	success	2026-09-28T06:47:20Z	2026-09-28T06:47:39Z	19	https://github.com/rafaelmeloreisnovo/BLAKE3/actions/runs/36387950893/job/108817255660
BLAKE3-RMR-EXEC-V1-9571c928808b-20260928T064421Z-99of99	32	108817255924	36387951003	abi-elf	completed	success	2026-09-28T06:47:32Z	2026-09-28T06:47:59Z	27	https://github.com/rafaelmeloreisnovo/BLAKE3/actions/runs/36387951003/job/108817255924
BLAKE3-RMR-EXEC-V1-9571c928808b-20260928T064421Z-99of99	33	108817255593	36387950893	pkg-config C tests TBB=ON BUILD_SHARED_LIBS=OFF STDLIB=libc++	completed	success	2026-09-28T06:47:34Z	2026-09-28T06:48:32Z	58	https://github.com/rafaelmeloreisnovo/BLAKE3/actions/runs/36387950893/job/108817255593
BLAKE3-RMR-EXEC-V1-9571c928808b-20260928T064421Z-99of99	34	108817255374	36387950893	cargo xwin test	completed	success	2026-09-28T06:47:39Z	2026-09-28T06:50:06Z	147	https://github.com/rafaelmeloreisnovo/BLAKE3/actions/runs/36387950893/job/108817255374
BLAKE3-RMR-EXEC-V1-9571c928808b-20260928T064421Z-99of99	35	108817255909	36387951003	source	completed	success	2026-09-28T06:47:41Z	2026-09-28T06:47:51Z	10	https://github.com/rafaelmeloreisnovo/BLAKE3/actions/runs/36387951003/job/108817255909
BLAKE3-RMR-EXEC-V1-9571c928808b-20260928T064421Z-99of99	36	108817255736	36387950893	b3sum Windows MSVC beta	completed	success	2026-09-28T06:47:44Z	2026-09-28T06:48:35Z	51	https://github.com/rafaelmeloreisnovo/BLAKE3/actions/runs/36387950893/job/108817255736
BLAKE3-RMR-EXEC-V1-9571c928808b-20260928T064421Z-99of99	37	108817255808	36387950893	CMake macOS-latest CC=clang CXX=clang++ TBB=ON	completed	success	2026-09-28T06:47:45Z	2026-09-28T06:48:31Z	46	https://github.com/rafaelmeloreisnovo/BLAKE3/actions/runs/36387950893/job/108817255808
BLAKE3-RMR-EXEC-V1-9571c928808b-20260928T064421Z-99of99	38	108817255799	36387951003	rust-cli	completed	success	2026-09-28T06:47:52Z	2026-09-28T06:50:06Z	134	https://github.com/rafaelmeloreisnovo/BLAKE3/actions/runs/36387951003/job/108817255799
BLAKE3-RMR-EXEC-V1-9571c928808b-20260928T064421Z-99of99	39	108817255793	36387950893	Linux GNU (arm64) beta	completed	success	2026-09-28T06:47:55Z	2026-09-28T06:51:54Z	239	https://github.com/rafaelmeloreisnovo/BLAKE3/actions/runs/36387950893/job/108817255793
BLAKE3-RMR-EXEC-V1-9571c928808b-20260928T064421Z-99of99	40	108817255819	36387951003	rmr-integration	completed	success	2026-09-28T06:48:01Z	2026-09-28T06:48:47Z	46	https://github.com/rafaelmeloreisnovo/BLAKE3/actions/runs/36387951003/job/108817255819
BLAKE3-RMR-EXEC-V1-9571c928808b-20260928T064421Z-99of99	41	108817255801	36387950893	CMake macOS-latest CC=clang CXX=clang++ TBB=OFF	completed	success	2026-09-28T06:48:03Z	2026-09-28T06:48:49Z	46	https://github.com/rafaelmeloreisnovo/BLAKE3/actions/runs/36387950893/job/108817255801
BLAKE3-RMR-EXEC-V1-9571c928808b-20260928T064421Z-99of99	42	108817255560	36387950893	pkg-config C tests TBB=ON BUILD_SHARED_LIBS=ON STDLIB=libc++	completed	success	2026-09-28T06:48:13Z	2026-09-28T06:48:45Z	32	https://github.com/rafaelmeloreisnovo/BLAKE3/actions/runs/36387950893/job/108817255560
BLAKE3-RMR-EXEC-V1-9571c928808b-20260928T064421Z-99of99	43	108817255781	36387950893	pkg-config C tests TBB=ON BUILD_SHARED_LIBS=OFF STDLIB=libstdc++	completed	success	2026-09-28T06:49:09Z	2026-09-28T06:49:31Z	22	https://github.com/rafaelmeloreisnovo/BLAKE3/actions/runs/36387950893/job/108817255781
BLAKE3-RMR-EXEC-V1-9571c928808b-20260928T064421Z-99of99	44	108817255626	36387950893	pkg-config C tests TBB=OFF BUILD_SHARED_LIBS=OFF STDLIB=libc++	completed	success	2026-09-28T06:49:21Z	2026-09-28T06:49:41Z	20	https://github.com/rafaelmeloreisnovo/BLAKE3/actions/runs/36387950893/job/108817255626
BLAKE3-RMR-EXEC-V1-9571c928808b-20260928T064421Z-99of99	45	108817255687	36387950893	MSRV build macOS-latest	completed	success	2026-09-28T06:49:34Z	2026-09-28T06:50:03Z	29	https://github.com/rafaelmeloreisnovo/BLAKE3/actions/runs/36387950893/job/108817255687
BLAKE3-RMR-EXEC-V1-9571c928808b-20260928T064421Z-99of99	46	108817255681	36387950893	b3sum macOS stable	completed	success	2026-09-28T06:49:40Z	2026-09-28T06:50:17Z	37	https://github.com/rafaelmeloreisnovo/BLAKE3/actions/runs/36387950893/job/108817255681
BLAKE3-RMR-EXEC-V1-9571c928808b-20260928T064421Z-99of99	47	108817255649	36387950893	MSRV build ubuntu-latest	completed	success	2026-09-28T06:50:00Z	2026-09-28T06:50:22Z	22	https://github.com/rafaelmeloreisnovo/BLAKE3/actions/runs/36387950893/job/108817255649
BLAKE3-RMR-EXEC-V1-9571c928808b-20260928T064421Z-99of99	48	108817255694	36387950893	CMake ubuntu-latest CC=gcc CXX=g++ TBB=OFF	completed	success	2026-09-28T06:50:08Z	2026-09-28T06:50:24Z	16	https://github.com/rafaelmeloreisnovo/BLAKE3/actions/runs/36387950893/job/108817255694
BLAKE3-RMR-EXEC-V1-9571c928808b-20260928T064421Z-99of99	49	108817255613	36387950893	b3sum Linux GNU stable	completed	success	2026-09-28T06:50:13Z	2026-09-28T06:50:32Z	19	https://github.com/rafaelmeloreisnovo/BLAKE3/actions/runs/36387950893/job/108817255613
BLAKE3-RMR-EXEC-V1-9571c928808b-20260928T064421Z-99of99	50	108817255775	36387950893	b3sum Windows GNU beta	completed	success	2026-09-28T06:50:17Z	2026-09-28T06:51:11Z	54	https://github.com/rafaelmeloreisnovo/BLAKE3/actions/runs/36387950893/job/108817255775
BLAKE3-RMR-EXEC-V1-9571c928808b-20260928T064421Z-99of99	51	108817255635	36387950893	b3sum Linux GNU nightly	completed	success	2026-09-28T06:50:24Z	2026-09-28T06:50:49Z	25	https://github.com/rafaelmeloreisnovo/BLAKE3/actions/runs/36387950893/job/108817255635
BLAKE3-RMR-EXEC-V1-9571c928808b-20260928T064421Z-99of99	52	108817255721	36387950893	b3sum macOS nightly	completed	success	2026-09-28T06:50:40Z	2026-09-28T06:51:17Z	37	https://github.com/rafaelmeloreisnovo/BLAKE3/actions/runs/36387950893/job/108817255721
BLAKE3-RMR-EXEC-V1-9571c928808b-20260928T064421Z-99of99	53	108817255586	36387950893	b3sum Windows MSVC stable	completed	success	2026-09-28T06:50:43Z	2026-09-28T06:51:33Z	50	https://github.com/rafaelmeloreisnovo/BLAKE3/actions/runs/36387950893/job/108817255586
BLAKE3-RMR-EXEC-V1-9571c928808b-20260928T064421Z-99of99	54	108817255692	36387950893	b3sum macOS beta	completed	success	2026-09-28T06:50:56Z	2026-09-28T06:51:32Z	36	https://github.com/rafaelmeloreisnovo/BLAKE3/actions/runs/36387950893/job/108817255692
BLAKE3-RMR-EXEC-V1-9571c928808b-20260928T064421Z-99of99	55	108817255881	36387950893	Miri smoketest	completed	success	2026-09-28T06:51:01Z	2026-09-28T06:51:48Z	47	https://github.com/rafaelmeloreisnovo/BLAKE3/actions/runs/36387950893/job/108817255881
BLAKE3-RMR-EXEC-V1-9571c928808b-20260928T064421Z-99of99	56	108817255753	36387950893	Windows MSVC nightly	completed	success	2026-09-28T06:51:07Z	2026-09-28T06:59:09Z	482	https://github.com/rafaelmeloreisnovo/BLAKE3/actions/runs/36387950893/job/108817255753
BLAKE3-RMR-EXEC-V1-9571c928808b-20260928T064421Z-99of99	57	108817255896	36387950893	Windows GNU stable	completed	success	2026-09-28T06:51:15Z	2026-09-28T07:01:37Z	622	https://github.com/rafaelmeloreisnovo/BLAKE3/actions/runs/36387950893/job/108817255896
BLAKE3-RMR-EXEC-V1-9571c928808b-20260928T064421Z-99of99	58	108817255789	36387950893	Windows GNU nightly	completed	success	2026-09-28T06:51:19Z	2026-09-28T07:00:49Z	570	https://github.com/rafaelmeloreisnovo/BLAKE3/actions/runs/36387950893/job/108817255789
BLAKE3-RMR-EXEC-V1-9571c928808b-20260928T064421Z-99of99	59	108817255764	36387950893	Windows GNU beta	completed	success	2026-09-28T06:51:36Z	2026-09-28T07:01:35Z	599	https://github.com/rafaelmeloreisnovo/BLAKE3/actions/runs/36387950893/job/108817255764
BLAKE3-RMR-EXEC-V1-9571c928808b-20260928T064421Z-99of99	60	108817255696	36387950893	Windows MSVC stable	completed	success	2026-09-28T06:51:36Z	2026-09-28T07:01:21Z	585	https://github.com/rafaelmeloreisnovo/BLAKE3/actions/runs/36387950893/job/108817255696
BLAKE3-RMR-EXEC-V1-9571c928808b-20260928T064421Z-99of99	61	108817255797	36387950893	macOS nightly	completed	success	2026-09-28T06:51:39Z	2026-09-28T06:57:11Z	332	https://github.com/rafaelmeloreisnovo/BLAKE3/actions/runs/36387950893/job/108817255797
BLAKE3-RMR-EXEC-V1-9571c928808b-20260928T064421Z-99of99	62	108817255826	36387950893	Windows MSVC beta	completed	success	2026-09-28T06:51:43Z	2026-09-28T07:00:19Z	516	https://github.com/rafaelmeloreisnovo/BLAKE3/actions/runs/36387950893/job/108817255826
BLAKE3-RMR-EXEC-V1-9571c928808b-20260928T064421Z-99of99	63	108817256001	36387950893	CMake macOS-latest CC=gcc CXX=g++ TBB=ON	completed	success	2026-09-28T06:51:45Z	2026-09-28T06:52:33Z	48	https://github.com/rafaelmeloreisnovo/BLAKE3/actions/runs/36387950893/job/108817256001
BLAKE3-RMR-EXEC-V1-9571c928808b-20260928T064421Z-99of99	64	108817255911	36387950893	CMake macOS-latest CC=gcc CXX=g++ TBB=OFF	completed	success	2026-09-28T06:51:54Z	2026-09-28T06:52:52Z	58	https://github.com/rafaelmeloreisnovo/BLAKE3/actions/runs/36387950893/job/108817255911
BLAKE3-RMR-EXEC-V1-9571c928808b-20260928T064421Z-99of99	65	108817256019	36387950893	build for Apple Silicon	completed	success	2026-09-28T06:52:01Z	2026-09-28T06:52:39Z	38	https://github.com/rafaelmeloreisnovo/BLAKE3/actions/runs/36387950893/job/108817256019
BLAKE3-RMR-EXEC-V1-9571c928808b-20260928T064421Z-99of99	66	108817255712	36387950893	macOS stable	completed	success	2026-09-28T06:52:08Z	2026-09-28T06:57:30Z	322	https://github.com/rafaelmeloreisnovo/BLAKE3/actions/runs/36387950893/job/108817255712
BLAKE3-RMR-EXEC-V1-9571c928808b-20260928T064421Z-99of99	67	108818231245	36387950926	aggregate	completed	success	2026-09-28T06:52:46Z	2026-09-28T06:52:55Z	9	https://github.com/rafaelmeloreisnovo/BLAKE3/actions/runs/36387950926/job/108818231245
BLAKE3-RMR-EXEC-V1-9571c928808b-20260928T064421Z-99of99	68	108817255677	36387950893	compile and test with GCC 5.4	completed	success	2026-09-28T06:52:47Z	2026-09-28T06:53:59Z	72	https://github.com/rafaelmeloreisnovo/BLAKE3/actions/runs/36387950893/job/108817255677
BLAKE3-RMR-EXEC-V1-9571c928808b-20260928T064421Z-99of99	69	108817255737	36387950893	pkg-config C tests TBB=OFF BUILD_SHARED_LIBS=OFF STDLIB=libstdc++	completed	success	2026-09-28T06:52:55Z	2026-09-28T06:53:59Z	64	https://github.com/rafaelmeloreisnovo/BLAKE3/actions/runs/36387950893/job/108817255737
BLAKE3-RMR-EXEC-V1-9571c928808b-20260928T064421Z-99of99	70	108817255844	36387950893	pkg-config C tests TBB=OFF BUILD_SHARED_LIBS=ON STDLIB=libc++	completed	success	2026-09-28T06:52:56Z	2026-09-28T06:53:16Z	20	https://github.com/rafaelmeloreisnovo/BLAKE3/actions/runs/36387950893/job/108817255844
BLAKE3-RMR-EXEC-V1-9571c928808b-20260928T064421Z-99of99	71	108817255758	36387950893	pkg-config C tests TBB=ON BUILD_SHARED_LIBS=ON STDLIB=libstdc++	completed	success	2026-09-28T06:53:18Z	2026-09-28T06:53:34Z	16	https://github.com/rafaelmeloreisnovo/BLAKE3/actions/runs/36387950893/job/108817255758
BLAKE3-RMR-EXEC-V1-9571c928808b-20260928T064421Z-99of99	72	108817255697	36387950893	pkg-config C tests TBB=OFF BUILD_SHARED_LIBS=ON STDLIB=libstdc++	completed	success	2026-09-28T06:53:35Z	2026-09-28T06:53:55Z	20	https://github.com/rafaelmeloreisnovo/BLAKE3/actions/runs/36387950893/job/108817255697
BLAKE3-RMR-EXEC-V1-9571c928808b-20260928T064421Z-99of99	73	108817255912	36387950893	CMake 3.9.6 ubuntu-latest	completed	success	2026-09-28T06:53:38Z	2026-09-28T06:53:55Z	17	https://github.com/rafaelmeloreisnovo/BLAKE3/actions/runs/36387950893/job/108817255912
BLAKE3-RMR-EXEC-V1-9571c928808b-20260928T064421Z-99of99	74	108817255794	36387950893	CMake ubuntu-latest CC=clang CXX=clang++ TBB=ON	completed	success	2026-09-28T06:54:50Z	2026-09-28T06:55:13Z	23	https://github.com/rafaelmeloreisnovo/BLAKE3/actions/runs/36387950893/job/108817255794
BLAKE3-RMR-EXEC-V1-9571c928808b-20260928T064421Z-99of99	75	108817255825	36387950893	CMake ubuntu-latest CC=clang CXX=clang++ TBB=OFF	completed	success	2026-09-28T06:54:58Z	2026-09-28T06:55:34Z	36	https://github.com/rafaelmeloreisnovo/BLAKE3/actions/runs/36387950893/job/108817255825
BLAKE3-RMR-EXEC-V1-9571c928808b-20260928T064421Z-99of99	76	108817255828	36387950893	CMake windows-latest CC=cl CXX=cl TBB=ON	completed	success	2026-09-28T06:55:08Z	2026-09-28T06:56:16Z	68	https://github.com/rafaelmeloreisnovo/BLAKE3/actions/runs/36387950893/job/108817255828
BLAKE3-RMR-EXEC-V1-9571c928808b-20260928T064421Z-99of99	77	108817255987	36387950893	CMake windows-latest CC=cl CXX=cl TBB=OFF	completed	success	2026-09-28T06:55:15Z	2026-09-28T06:55:41Z	26	https://github.com/rafaelmeloreisnovo/BLAKE3/actions/runs/36387950893/job/108817255987
BLAKE3-RMR-EXEC-V1-9571c928808b-20260928T064421Z-99of99	78	108817256040	36387950893	CMake ubuntu-latest CC=gcc CXX=g++ TBB=ON	completed	success	2026-09-28T06:55:19Z	2026-09-28T06:55:50Z	31	https://github.com/rafaelmeloreisnovo/BLAKE3/actions/runs/36387950893/job/108817256040
BLAKE3-RMR-EXEC-V1-9571c928808b-20260928T064421Z-99of99	79	108817256025	36387950893	macOS beta	completed	success	2026-09-28T06:55:26Z	2026-09-28T07:00:33Z	307	https://github.com/rafaelmeloreisnovo/BLAKE3/actions/runs/36387950893/job/108817256025
BLAKE3-RMR-EXEC-V1-9571c928808b-20260928T064421Z-99of99	80	108817255969	36387950893	CMake windows-latest CC=gcc CXX=g++ TBB=OFF	completed	success	2026-09-28T06:55:41Z	2026-09-28T06:56:04Z	23	https://github.com/rafaelmeloreisnovo/BLAKE3/actions/runs/36387950893/job/108817255969
BLAKE3-RMR-EXEC-V1-9571c928808b-20260928T064421Z-99of99	81	108817256033	36387950893	cross i686-unknown-linux-musl	completed	success	2026-09-28T06:56:01Z	2026-09-28T06:57:52Z	111	https://github.com/rafaelmeloreisnovo/BLAKE3/actions/runs/36387950893/job/108817256033
BLAKE3-RMR-EXEC-V1-9571c928808b-20260928T064421Z-99of99	82	108818717762	36387951003	summary	completed	success	2026-09-28T06:56:52Z	2026-09-28T06:56:58Z	6	https://github.com/rafaelmeloreisnovo/BLAKE3/actions/runs/36387951003/job/108818717762
BLAKE3-RMR-EXEC-V1-9571c928808b-20260928T064421Z-99of99	83	108817255827	36387950893	CMake windows-latest CC=clang CXX=clang++ TBB=OFF	completed	success	2026-09-28T06:56:56Z	2026-09-28T06:57:33Z	37	https://github.com/rafaelmeloreisnovo/BLAKE3/actions/runs/36387950893/job/108817255827
BLAKE3-RMR-EXEC-V1-9571c928808b-20260928T064421Z-99of99	84	108817256047	36387950893	cross aarch64-unknown-linux-gnu	completed	success	2026-09-28T06:57:13Z	2026-09-28T06:59:19Z	126	https://github.com/rafaelmeloreisnovo/BLAKE3/actions/runs/36387950893/job/108817256047
BLAKE3-RMR-EXEC-V1-9571c928808b-20260928T064421Z-99of99	85	108817256054	36387950893	cross i586-unknown-linux-musl	completed	success	2026-09-28T06:58:05Z	2026-09-28T06:59:57Z	112	https://github.com/rafaelmeloreisnovo/BLAKE3/actions/runs/36387950893/job/108817256054
BLAKE3-RMR-EXEC-V1-9571c928808b-20260928T064421Z-99of99	86	108817255678	36387950893	cross armv7-unknown-linux-gnueabihf	completed	success	2026-09-28T06:59:21Z	2026-09-28T07:01:48Z	147	https://github.com/rafaelmeloreisnovo/BLAKE3/actions/runs/36387950893/job/108817255678
BLAKE3-RMR-EXEC-V1-9571c928808b-20260928T064421Z-99of99	87	108817255982	36387950893	cross s390x-unknown-linux-gnu	completed	success	2026-09-28T06:59:30Z	2026-09-28T07:01:14Z	104	https://github.com/rafaelmeloreisnovo/BLAKE3/actions/runs/36387950893/job/108817255982
BLAKE3-RMR-EXEC-V1-9571c928808b-20260928T064421Z-99of99	88	108817256042	36387950893	cross powerpc64-unknown-linux-gnu	completed	success	2026-09-28T06:59:32Z	2026-09-28T07:01:14Z	102	https://github.com/rafaelmeloreisnovo/BLAKE3/actions/runs/36387950893/job/108817256042
BLAKE3-RMR-EXEC-V1-9571c928808b-20260928T064421Z-99of99	89	108817256004	36387950893	CMake C tests SIMD=amd64-asm TBB=ON	completed	success	2026-09-28T07:00:33Z	2026-09-28T07:01:22Z	49	https://github.com/rafaelmeloreisnovo/BLAKE3/actions/runs/36387950893/job/108817256004
BLAKE3-RMR-EXEC-V1-9571c928808b-20260928T064421Z-99of99	90	108817255950	36387950893	CMake C tests SIMD=x86-intrinsics TBB=OFF	completed	success	2026-09-28T07:00:35Z	2026-09-28T07:01:27Z	52	https://github.com/rafaelmeloreisnovo/BLAKE3/actions/runs/36387950893/job/108817255950
BLAKE3-RMR-EXEC-V1-9571c928808b-20260928T064421Z-99of99	91	108817256109	36387950893	CMake C tests SIMD=x86-intrinsics TBB=ON	completed	success	2026-09-28T07:00:51Z	2026-09-28T07:01:50Z	59	https://github.com/rafaelmeloreisnovo/BLAKE3/actions/runs/36387950893/job/108817256109
BLAKE3-RMR-EXEC-V1-9571c928808b-20260928T064421Z-99of99	92	108817256057	36387950893	CMake C tests SIMD=amd64-asm TBB=OFF	completed	success	2026-09-28T07:01:10Z	2026-09-28T07:01:50Z	40	https://github.com/rafaelmeloreisnovo/BLAKE3/actions/runs/36387950893/job/108817256057
BLAKE3-RMR-EXEC-V1-9571c928808b-20260928T064421Z-99of99	93	108817256000	36387950893	TBB test bindings ubuntu-latest	completed	success	2026-09-28T07:01:16Z	2026-09-28T07:01:50Z	34	https://github.com/rafaelmeloreisnovo/BLAKE3/actions/runs/36387950893/job/108817256000
BLAKE3-RMR-EXEC-V1-9571c928808b-20260928T064421Z-99of99	94	108817255790	36387950893	b3sum Windows GNU nightly	completed	success	2026-09-28T07:01:16Z	2026-09-28T07:02:15Z	59	https://github.com/rafaelmeloreisnovo/BLAKE3/actions/runs/36387950893/job/108817255790
BLAKE3-RMR-EXEC-V1-9571c928808b-20260928T064421Z-99of99	95	108817255812	36387950893	b3sum Windows GNU stable	completed	success	2026-09-28T07:01:26Z	2026-09-28T07:02:29Z	63	https://github.com/rafaelmeloreisnovo/BLAKE3/actions/runs/36387950893/job/108817255812
BLAKE3-RMR-EXEC-V1-9571c928808b-20260928T064421Z-99of99	96	108817256074	36387950893	build with the Tiny C Compiler	completed	success	2026-09-28T07:02:01Z	2026-09-28T07:02:12Z	11	https://github.com/rafaelmeloreisnovo/BLAKE3/actions/runs/36387950893/job/108817256074
BLAKE3-RMR-EXEC-V1-9571c928808b-20260928T064421Z-99of99	97	108817255750	36387950893	Linux GNU beta	completed	success	2026-09-28T07:02:11Z	2026-09-28T07:06:33Z	262	https://github.com/rafaelmeloreisnovo/BLAKE3/actions/runs/36387950893/job/108817255750
BLAKE3-RMR-EXEC-V1-9571c928808b-20260928T064421Z-99of99	98	108817255861	36387950893	Linux GNU nightly	completed	success	2026-09-28T07:02:16Z	2026-09-28T07:06:36Z	260	https://github.com/rafaelmeloreisnovo/BLAKE3/actions/runs/36387950893/job/108817255861
BLAKE3-RMR-EXEC-V1-9571c928808b-20260928T064421Z-99of99	99	108817255835	36387950893	Linux GNU stable	completed	success	2026-09-28T07:02:21Z	2026-09-28T07:06:27Z	246	https://github.com/rafaelmeloreisnovo/BLAKE3/actions/runs/36387950893/job/108817255835
