ordinal_oldest_to_newest	committer_date_utc	commit_sha	author_login	author_name	committer_name	message_first_line	upstream_url
1	2019-12-10T02:20:04Z	98dd9cbbf1bcb1b6541792fd46d7eb56eeefcdb6	oconnor663	Jack O'Connor	Jack O'Connor	add ci.yml	https://github.com/BLAKE3-team/BLAKE3/commit/98dd9cbbf1bcb1b6541792fd46d7eb56eeefcdb6
2	2019-12-10T02:25:36Z	61b34f35b43e09049b5177d7aea97fb27351a984	oconnor663	Jack O'Connor	Jack O'Connor	fix a syntax error in ci.yml	https://github.com/BLAKE3-team/BLAKE3/commit/61b34f35b43e09049b5177d7aea97fb27351a984
3	2019-12-10T02:52:24Z	8c4cd710c3a37ca8c350a73f7aa22f62e7ca6572	oconnor663	Jack O'Connor	Jack O'Connor	set ARMv7 NEON compiler flags automatically	https://github.com/BLAKE3-team/BLAKE3/commit/8c4cd710c3a37ca8c350a73f7aa22f62e7ca6572
4	2019-12-10T03:13:48Z	cbaf350c05bb0ab434af2c74f27d8afdd6810825	oconnor663	Jack O'Connor	Jack O'Connor	typo in ci.yml	https://github.com/BLAKE3-team/BLAKE3/commit/cbaf350c05bb0ab434af2c74f27d8afdd6810825
5	2019-12-10T19:57:46Z	4ca4c6069456621c91f37296025717ea643ae078	oconnor663	Jack O'Connor	Jack O'Connor	add `cargo +nightly test --benches` to CI	https://github.com/BLAKE3-team/BLAKE3/commit/4ca4c6069456621c91f37296025717ea643ae078
6	2019-12-11T15:50:18Z	c81d5c2522034357b8a719df24860d70f44eea8d	oconnor663	Jack O'Connor	Jack O'Connor	test against test_vectors.json in CI	https://github.com/BLAKE3-team/BLAKE3/commit/c81d5c2522034357b8a719df24860d70f44eea8d
7	2019-12-12T03:30:19Z	dd3a72fb9f72ddfe6c33d2855f6210ce03d886a1	oconnor663	Jack O'Connor	Jack O'Connor	run test vectors and bench tests in the regular CI test matrix	https://github.com/BLAKE3-team/BLAKE3/commit/dd3a72fb9f72ddfe6c33d2855f6210ce03d886a1
8	2019-12-12T03:34:03Z	a3be434d28c18b356be1d1c2a7f6bd8052fd0b14	oconnor663	Jack O'Connor	Jack O'Connor	fix bench tests running in the wrong directory	https://github.com/BLAKE3-team/BLAKE3/commit/a3be434d28c18b356be1d1c2a7f6bd8052fd0b14
9	2019-12-12T04:19:58Z	6823655aedb707981d57c2e661a198a5a5302cbd	oconnor663	Jack O'Connor	Jack O'Connor	run the test vectors on cross tests (ARM, MIPS) on CI	https://github.com/BLAKE3-team/BLAKE3/commit/6823655aedb707981d57c2e661a198a5a5302cbd
10	2019-12-12T04:21:25Z	59752de9bd9fc4acf2ce40ec995024c5687a8a45	oconnor663	Jack O'Connor	Jack O'Connor	fix syntax errors in ci.yml	https://github.com/BLAKE3-team/BLAKE3/commit/59752de9bd9fc4acf2ce40ec995024c5687a8a45
11	2019-12-12T18:18:57Z	7cf6b8f1747137eb1145dcb212a5168185936b58	oconnor663	Jack O'Connor	Jack O'Connor	initial version of b3sum	https://github.com/BLAKE3-team/BLAKE3/commit/7cf6b8f1747137eb1145dcb212a5168185936b58
12	2019-12-12T20:13:04Z	9bf10202135755e11928676c158b23fff228b43b	oconnor663	Jack O'Connor	Jack O'Connor	make the "c_avx512" feature a no-op on non-x86	https://github.com/BLAKE3-team/BLAKE3/commit/9bf10202135755e11928676c158b23fff228b43b
13	2019-12-13T18:15:48Z	d963fe18f3f30246b9182b52ab8f205a26603b93	oconnor663	Jack O'Connor	Jack O'Connor	test release mode in CI	https://github.com/BLAKE3-team/BLAKE3/commit/d963fe18f3f30246b9182b52ab8f205a26603b93
14	2020-01-09T14:48:52Z	a0d7b4f3f814656f570f396b9fea73039494b014	oconnor663	Jack O'Connor	Jack O'Connor	merge the C code's ci.yml into the top level one	https://github.com/BLAKE3-team/BLAKE3/commit/a0d7b4f3f814656f570f396b9fea73039494b014
15	2020-01-10T15:22:12Z	9096249e0963f4d8fe1cee4f7a6ab5191259d7c4	oconnor663	Jack O'Connor	Jack O'Connor	enable CI on pull requests	https://github.com/BLAKE3-team/BLAKE3/commit/9096249e0963f4d8fe1cee4f7a6ab5191259d7c4
16	2020-01-16T21:09:42Z	84c26670bf81768773ebef7d1ae13d8cae5524b2	oconnor663	Jack O'Connor	Jack O'Connor	add blake3_c_rust_bindings for testing and benchmarking	https://github.com/BLAKE3-team/BLAKE3/commit/84c26670bf81768773ebef7d1ae13d8cae5524b2
17	2020-01-20T21:19:16Z	4021636022cfa032eb8f4c1e40b21a4e913b0f16	oconnor663	Jack O'Connor	Jack O'Connor	test the BLAKE3_NO_* vars in CI	https://github.com/BLAKE3-team/BLAKE3/commit/4021636022cfa032eb8f4c1e40b21a4e913b0f16
18	2020-01-20T21:36:30Z	4a92e8eeb1831ca8a25071ed46185f455a283098	oconnor663	Jack O'Connor	Jack O'Connor	add the reference impl doc test to CI	https://github.com/BLAKE3-team/BLAKE3/commit/4a92e8eeb1831ca8a25071ed46185f455a283098
19	2020-02-06T23:43:50Z	ca62c4724d70a523af0ed34c8993643cdbf05269	oconnor663	Jack O'Connor	Jack O'Connor	stop skipping all other builds when one CI build fails	https://github.com/BLAKE3-team/BLAKE3/commit/ca62c4724d70a523af0ed34c8993643cdbf05269
20	2020-02-07T18:46:42Z	c0a43e5fb88141536199e43905f10d04874653aa	oconnor663	Jack O'Connor	Jack O'Connor	add the Windows GNU toolchain to CI	https://github.com/BLAKE3-team/BLAKE3/commit/c0a43e5fb88141536199e43905f10d04874653aa
21	2020-02-11T18:58:26Z	ec34043b45f677ca788e917ed3ccbd424789147a	oconnor663	Jack O'Connor	Jack O'Connor	add cross testing on i686 to CI	https://github.com/BLAKE3-team/BLAKE3/commit/ec34043b45f677ca788e917ed3ccbd424789147a
22	2020-02-12T15:23:17Z	efbfa0463c793dc1319db10ca4e3b809937b227d	oconnor663	Jack O'Connor	Jack O'Connor	integrate assembly implementations into the blake3 crate	https://github.com/BLAKE3-team/BLAKE3/commit/efbfa0463c793dc1319db10ca4e3b809937b227d
23	2020-02-12T15:23:17Z	b8a1d2d982f9ad08750df8ccaf3df41c2e7d5c13	oconnor663	Jack O'Connor	Jack O'Connor	integrate assembly implementations into blake3_c_rust_bindings	https://github.com/BLAKE3-team/BLAKE3/commit/b8a1d2d982f9ad08750df8ccaf3df41c2e7d5c13
24	2020-02-12T18:12:05Z	1c4d7fdd8d45a397976963874269f22dcdde2a59	oconnor663	Jack O'Connor	Jack O'Connor	add test_asm to the C Makefile	https://github.com/BLAKE3-team/BLAKE3/commit/1c4d7fdd8d45a397976963874269f22dcdde2a59
25	2020-02-12T22:08:44Z	0281f1ae16af772876a7d2f2da63328a3663d7f7	erijo	Erik Johansson	Erik Johansson	Rename assembly files (blake3-* -> blake3_*)	https://github.com/BLAKE3-team/BLAKE3/commit/0281f1ae16af772876a7d2f2da63328a3663d7f7
26	2020-02-12T23:41:41Z	fcc14c8c1b2891c0705ad5009078d0d618a1aa20	oconnor663	Jack O'Connor	Jack O'Connor	more file renaming, use underscores more consistently	https://github.com/BLAKE3-team/BLAKE3/commit/fcc14c8c1b2891c0705ad5009078d0d618a1aa20
27	2020-03-24T20:45:33Z	4feadee6bbbba2fc686d7e6204d8d6f104b3803e	oconnor663	Jack O'Connor	Jack O'Connor	disable fail-fast for cross tests too	https://github.com/BLAKE3-team/BLAKE3/commit/4feadee6bbbba2fc686d7e6204d8d6f104b3803e
28	2020-03-28T23:15:25Z	eb50d82f161ebfb934cf3626bc9fcada0bbc34e2	oconnor663	Jack O'Connor	Jack O'Connor	add release assembly tests	https://github.com/BLAKE3-team/BLAKE3/commit/eb50d82f161ebfb934cf3626bc9fcada0bbc34e2
29	2020-03-28T23:30:28Z	f77c8ffd7cb3261ebe5d8ddc97a6cc04488721a7	oconnor663	Jack O'Connor	Jack O'Connor	print out instruction set support in CI	https://github.com/BLAKE3-team/BLAKE3/commit/f77c8ffd7cb3261ebe5d8ddc97a6cc04488721a7
30	2020-03-28T23:51:54Z	be4e7babee0bbe025a30f4636124a0a3e0066fe4	oconnor663	Jack O'Connor	Jack O'Connor	print instruction set support quietly	https://github.com/BLAKE3-team/BLAKE3/commit/be4e7babee0bbe025a30f4636124a0a3e0066fe4
31	2020-03-29T05:01:30Z	96c36d5df9b2f81c08c63b1d852ef14f0ed31852	oconnor663	Jack O'Connor	Jack O'Connor	add more --release mode testing	https://github.com/BLAKE3-team/BLAKE3/commit/96c36d5df9b2f81c08c63b1d852ef14f0ed31852
32	2020-03-29T22:02:03Z	e06a0f255ae22449e96b62d0d733943c6a86cb71	oconnor663	Jack O'Connor	Jack O'Connor	refactor the Cargo feature set	https://github.com/BLAKE3-team/BLAKE3/commit/e06a0f255ae22449e96b62d0d733943c6a86cb71
33	2020-03-30T03:12:47Z	152740578e65ba16e4d008917aad7ea5673dd88f	oconnor663	Jack O'Connor	Jack O'Connor	add testing-only flags to disable individual instruction sets	https://github.com/BLAKE3-team/BLAKE3/commit/152740578e65ba16e4d008917aad7ea5673dd88f
34	2020-03-31T20:02:57Z	2dff29cf0e10c2f092579255618a9c34c91eee33	oconnor663	Jack O'Connor	Jack O'Connor	turn all compiler warnings into errors in CI	https://github.com/BLAKE3-team/BLAKE3/commit/2dff29cf0e10c2f092579255618a9c34c91eee33
35	2020-04-01T23:13:15Z	b8cdcb1f84cf794c7072bbfaacac71f6a5857e3c	oconnor663	Jack O'Connor	Jack O'Connor	automatically fall back to the pure Rust build	https://github.com/BLAKE3-team/BLAKE3/commit/b8cdcb1f84cf794c7072bbfaacac71f6a5857e3c
36	2020-04-02T14:23:46Z	e3069da68e58d280e54c5bfc36a8182117d34b41	oconnor663	Jack O'Connor	Jack O'Connor	only run CI on branches and PRs, not tags	https://github.com/BLAKE3-team/BLAKE3/commit/e3069da68e58d280e54c5bfc36a8182117d34b41
37	2020-04-12T03:03:32Z	370ba3644ae2b38b91e52033fc7e9ae705920495	oconnor663	Jack O'Connor	Jack O'Connor	print the compiler version in CI, for help with debugging	https://github.com/BLAKE3-team/BLAKE3/commit/370ba3644ae2b38b91e52033fc7e9ae705920495
38	2020-05-05T04:59:31Z	dc2a79d2669c92795c7214761a0568d629a100e4	oconnor663	Jack O'Connor	Jack O'Connor	add newline and backslash escaping to b3sum output	https://github.com/BLAKE3-team/BLAKE3/commit/dc2a79d2669c92795c7214761a0568d629a100e4
39	2020-07-20T13:47:38Z	e4703ac170c5852be5bd13f5e45f416b6ab492b3	oconnor663-zoom	Jack O'Connor	Jack O'Connor	rename the C Makefile to Makefile.testing	https://github.com/BLAKE3-team/BLAKE3/commit/e4703ac170c5852be5bd13f5e45f416b6ab492b3
40	2020-08-31T22:25:38Z	a79fec7e392b93b1571bf835570249848be66a16	oconnor663-zoom	Jack O'Connor	Jack O'Connor	fix a build break on x86 targets without guaranteed SSE2 support	https://github.com/BLAKE3-team/BLAKE3/commit/a79fec7e392b93b1571bf835570249848be66a16
41	2020-08-31T22:25:38Z	5b22bf57c8fe1768cced1d09f0ce68d57294051b	oconnor663-zoom	Jack O'Connor	Jack O'Connor	add i586-unknown-linux-musl as a test target	https://github.com/BLAKE3-team/BLAKE3/commit/5b22bf57c8fe1768cced1d09f0ce68d57294051b
42	2020-09-02T16:23:49Z	cc04130eaa67627abaf8c7d1fb7f1d3d35f659a2	oconnor663-zoom	Jack O'Connor	Jack O'Connor	cover the no_sse2 flags in CI testing	https://github.com/BLAKE3-team/BLAKE3/commit/cc04130eaa67627abaf8c7d1fb7f1d3d35f659a2
43	2020-09-29T20:48:18Z	3d212291b94d2fbeaf8a625d49428fa800feb7d4	oconnor663-zoom	Jack O'Connor	Jack O'Connor	add cross_test.sh for the C bindings	https://github.com/BLAKE3-team/BLAKE3/commit/3d212291b94d2fbeaf8a625d49428fa800feb7d4
44	2020-10-20T16:51:30Z	09546a677d4949b1ea5a7d289581ca0141971021	oconnor663-zoom	Jack O'Connor	Jack O'Connor	include example.c	https://github.com/BLAKE3-team/BLAKE3/commit/09546a677d4949b1ea5a7d289581ca0141971021
45	2021-03-21T19:53:26Z	07b746b1b4792f8885fe8749b22dd6242467b674	oconnor663	Jack O'Connor	Jack O'Connor	gate digest and crypto-mac implementations behind "traits-preview"	https://github.com/BLAKE3-team/BLAKE3/commit/07b746b1b4792f8885fe8749b22dd6242467b674
46	2021-03-22T01:14:13Z	05292a018b25e47c2f094aa335a3bef5f4c0ac1a	oconnor663	Jack O'Connor	Jack O'Connor	get rid of the standalone "*_rayon" functions	https://github.com/BLAKE3-team/BLAKE3/commit/05292a018b25e47c2f094aa335a3bef5f4c0ac1a
47	2021-10-08T10:51:18Z	faddc5af5ce9db25a21a3041fd4c5df63f49c875	rsdy	rsdy	rsdy	Add no_neon feature tests to CI	https://github.com/BLAKE3-team/BLAKE3/commit/faddc5af5ce9db25a21a3041fd4c5df63f49c875
48	2021-10-12T15:54:12Z	f4d5c6e78546d3c8e3e159b1f10ff624bec9352c	rsdy	rsdy	rsdy	Disable no_neon feature for C bindings as we can't propagate from cargo build	https://github.com/BLAKE3-team/BLAKE3/commit/f4d5c6e78546d3c8e3e159b1f10ff624bec9352c
49	2021-10-21T22:58:32Z	197ad572619a2ec4049fb3a5bb8d4d7a271a01c4	oconnor663	Jack O'Connor	Jack O'Connor	add aarch64-apple-darwin builds to GitHub CI	https://github.com/BLAKE3-team/BLAKE3/commit/197ad572619a2ec4049fb3a5bb8d4d7a271a01c4
50	2022-01-18T19:29:44Z	1631016b86193d4c419a2f946c79068bf8bf3800	oconnor663	Jack O'Connor	Jack O'Connor	add a RAYON_NUM_THREADS=1 run to CI	https://github.com/BLAKE3-team/BLAKE3/commit/1631016b86193d4c419a2f946c79068bf8bf3800
51	2022-10-03T09:24:18Z	cf5d59cd4357d06f3e9c64f6ea652d5378ba5c35	wargio	wargio	wargio	Support portable build without intrinsics	https://github.com/BLAKE3-team/BLAKE3/commit/cf5d59cd4357d06f3e9c64f6ea652d5378ba5c35
52	2022-10-11T22:27:22Z	9abc602848cea28c5d4a04b4d777b81f2196707b	wargio	Giovanni	GitHub	Add missing sudo in ci.yml	https://github.com/BLAKE3-team/BLAKE3/commit/9abc602848cea28c5d4a04b4d777b81f2196707b
53	2022-11-20T20:45:11Z	e067e7f49839617e29e640c0778ef2b84a21b243	oconnor663	Jack O'Connor	Jack O'Connor	add the MSRV toolchain (currently 1.60.0) to CI	https://github.com/BLAKE3-team/BLAKE3/commit/e067e7f49839617e29e640c0778ef2b84a21b243
54	2022-11-23T07:22:14Z	62772b2d0464c56eb1137e645d23ef4f8ee6d01f	oconnor663	Jack O'Connor	Jack O'Connor	add GCC 5.4 to CI	https://github.com/BLAKE3-team/BLAKE3/commit/62772b2d0464c56eb1137e645d23ef4f8ee6d01f
55	2023-05-01T08:00:59Z	d7f43a339a58a5a47db181bf150db1eeb80f9a9c	SteveGremory	SteveGremory	Jack O'Connor	Added CI Support for the CMake build, Linux/macOS only (for now)	https://github.com/BLAKE3-team/BLAKE3/commit/d7f43a339a58a5a47db181bf150db1eeb80f9a9c
56	2023-05-01T08:01:01Z	3f65cabb7ddd56e3b388da35a2d527f1d7fca366	SteveGremory	SteveGremory	Jack O'Connor	Fixed CI for CMake.	https://github.com/BLAKE3-team/BLAKE3/commit/3f65cabb7ddd56e3b388da35a2d527f1d7fca366
57	2023-05-23T21:48:45Z	4bb04665791e9bb1f23ecf198dbfc48dba3cc849	BurningEnlightenment	Henrik S. Gaßmann	Jack O'Connor	Refactor CMake buildsystem to be portable and modern	https://github.com/BLAKE3-team/BLAKE3/commit/4bb04665791e9bb1f23ecf198dbfc48dba3cc849
58	2023-06-08T19:49:32Z	fbc96eb7ad8cdd3fcf9d87621d48f144b28ea353	oconnor663	Jack O'Connor	Jack O'Connor	factor out b3sum tests in ci.yml, to support a different MSRV	https://github.com/BLAKE3-team/BLAKE3/commit/fbc96eb7ad8cdd3fcf9d87621d48f144b28ea353
59	2023-07-06T20:26:08Z	99af1ffc6625650ea48303dd5f80494d5608b595	oconnor663	Jack O'Connor	Jack O'Connor	update constant_time_eq to v0.3.0	https://github.com/BLAKE3-team/BLAKE3/commit/99af1ffc6625650ea48303dd5f80494d5608b595
60	2023-07-16T17:29:47Z	f18e19092b2de416f67734f59e72eaf9b36ba15b	elichai	Elichai Turkel	Jack O'Connor	Add tests for Zeroize	https://github.com/BLAKE3-team/BLAKE3/commit/f18e19092b2de416f67734f59e72eaf9b36ba15b
61	2023-09-10T21:14:54Z	cd4b3140cf97304b4241c12e3fad95f15cf665b1	oconnor663	Jack O'Connor	Jack O'Connor	update the MSRV for b3sum to 1.70.0	https://github.com/BLAKE3-team/BLAKE3/commit/cd4b3140cf97304b4241c12e3fad95f15cf665b1
62	2023-09-10T21:18:55Z	f22d66b307504aec7a31a91d9bcdb3cd099365a4	oconnor663	Jack O'Connor	Jack O'Connor	stop using MIPS for big-endian testing	https://github.com/BLAKE3-team/BLAKE3/commit/f22d66b307504aec7a31a91d9bcdb3cd099365a4
63	2023-09-17T00:04:27Z	cb32f0bd1450991d86a8ceb3716fd591382cc507	oconnor663	Jack O'Connor	Jack O'Connor	replace the new file module with inherent methods on Hasher	https://github.com/BLAKE3-team/BLAKE3/commit/cb32f0bd1450991d86a8ceb3716fd591382cc507
64	2023-09-20T06:43:47Z	d7e9365be1751cceb83df2e4cb0086ac8f869357	oconnor663	Jack O'Connor	Jack O'Connor	add a test for the new serde feature	https://github.com/BLAKE3-team/BLAKE3/commit/d7e9365be1751cceb83df2e4cb0086ac8f869357
65	2023-11-05T17:18:39Z	92e4cd71be48fdf9a79e88ef37b8f415ec5ac210	oconnor663	Jack O'Connor	Jack O'Connor	add the compiler name to CMake CI jobs	https://github.com/BLAKE3-team/BLAKE3/commit/92e4cd71be48fdf9a79e88ef37b8f415ec5ac210
66	2023-12-28T09:46:51Z	5306464d031f70676194497a2009af1416be41df	striezel	Dirk Stolle	Henrik Gaßmann	update actions/checkout in GitHub Actions to v4	https://github.com/BLAKE3-team/BLAKE3/commit/5306464d031f70676194497a2009af1416be41df
67	2023-12-30T07:28:33Z	4d32708f511fd85c6b0fb131295cc73224246738	striezel	Dirk Stolle	Jack O'Connor	replace unmaintained actions-rs/toolchain action in CI	https://github.com/BLAKE3-team/BLAKE3/commit/4d32708f511fd85c6b0fb131295cc73224246738
68	2024-01-22T02:38:06Z	1ca383ba9b1aa2c2508b15d89f3048be10cd9def	oconnor663	Jack O'Connor	Jack O'Connor	add guts testing to CI	https://github.com/BLAKE3-team/BLAKE3/commit/1ca383ba9b1aa2c2508b15d89f3048be10cd9def
69	2024-03-10T16:54:03Z	5b9af1c34746e20b4596c1812b683624bdcfc152	oconnor663	Jack O'Connor	Jack O'Connor	test_miri_smoketest	https://github.com/BLAKE3-team/BLAKE3/commit/5b9af1c34746e20b4596c1812b683624bdcfc152
70	2024-03-12T07:34:53Z	54930c95227daaac4dcf1eb3028e2f4e0768d139	oconnor663	Jack O'Connor	Jack O'Connor	version 1.5.1	https://github.com/BLAKE3-team/BLAKE3/commit/54930c95227daaac4dcf1eb3028e2f4e0768d139
71	2024-07-09T17:54:47Z	7ff69443d018f46e52f7678ed42c2b812c002805	oconnor663	Jack O'Connor	Jack O'Connor	bump the MSRV to 1.67.1	https://github.com/BLAKE3-team/BLAKE3/commit/7ff69443d018f46e52f7678ed42c2b812c002805
72	2024-07-10T05:52:10Z	15e21c924f5a0deb27be0a74e881f830d5018706	oconnor663	Jack O'Connor	Jack O'Connor	bump the MSRV in CI	https://github.com/BLAKE3-team/BLAKE3/commit/15e21c924f5a0deb27be0a74e881f830d5018706
73	2024-08-18T18:32:23Z	5c4c351a1a0729f8e7a88e6895379bb952ed1a07	oconnor663	Jack O'Connor	Jack O'Connor	make xof_many fall back to compress_xof instead of portable code	https://github.com/BLAKE3-team/BLAKE3/commit/5c4c351a1a0729f8e7a88e6895379bb952ed1a07
74	2024-08-19T17:10:43Z	919091615b1093c2096129646b21d9103193a30b	oconnor663	Jack O'Connor	Jack O'Connor	delete the guts crate for now	https://github.com/BLAKE3-team/BLAKE3/commit/919091615b1093c2096129646b21d9103193a30b
75	2025-03-02T22:39:20Z	9edb473fa81c422acc2cb611f55c4df52d1cdbbb	BurningEnlightenment	Henrik Steffen Gaßmann	Henrik Gaßmann	ci(cmake): test the minimum required version	https://github.com/BLAKE3-team/BLAKE3/commit/9edb473fa81c422acc2cb611f55c4df52d1cdbbb
76	2025-03-09T21:46:03Z	a31e519869d5751370f50c39a99340660ee95bf7	oconnor663	Jack O'Connor	Jack O'Connor	update the MSRV in CI to 1.78	https://github.com/BLAKE3-team/BLAKE3/commit/a31e519869d5751370f50c39a99340660ee95bf7
77	2025-03-13T19:16:50Z	4a885fcaeeb4c79414f9b0433ab417faaacf3066	silvanshade	silvanshade	Jack O'Connor	Implement TBB-based parallelism for C lib	https://github.com/BLAKE3-team/BLAKE3/commit/4a885fcaeeb4c79414f9b0433ab417faaacf3066
78	2025-03-13T19:16:50Z	057586a15f1618c6c049c70075d725f8ed81d627	oconnor663	Jack O'Connor	Jack O'Connor	tbb support in blake3_c_rust_bindings	https://github.com/BLAKE3-team/BLAKE3/commit/057586a15f1618c6c049c70075d725f8ed81d627
79	2025-03-15T04:18:04Z	8eb35fde4187c6ce087824c5c26046574273d8c0	oconnor663	Jack O'Connor	Jack O'Connor	factor out an "msrv_build" job in CI	https://github.com/BLAKE3-team/BLAKE3/commit/8eb35fde4187c6ce087824c5c26046574273d8c0
80	2025-03-15T06:42:03Z	15e3b401d6758dbddff926b8550157f1ae588e83	oconnor663	Jack O'Connor	Jack O'Connor	add cargo_xwin_build to CI	https://github.com/BLAKE3-team/BLAKE3/commit/15e3b401d6758dbddff926b8550157f1ae588e83
81	2025-03-15T07:10:50Z	f0bc76e4896aa83bec4dee78489ed77c6f67f1c5	oconnor663	Jack O'Connor	Jack O'Connor	cargo_xwin_build -> cargo_xwin_test	https://github.com/BLAKE3-team/BLAKE3/commit/f0bc76e4896aa83bec4dee78489ed77c6f67f1c5
82	2025-03-15T21:27:40Z	2374b56df6be47d2865e512dc80c1f4f4c0b89d3	oconnor663	Jack O'Connor	Jack O'Connor	example_tbb.c	https://github.com/BLAKE3-team/BLAKE3/commit/2374b56df6be47d2865e512dc80c1f4f4c0b89d3
83	2025-03-18T17:00:16Z	4011d240cb026a5e1f282438ef50aef701721c28	oconnor663	Jack O'Connor	Jack O'Connor	add wasm tests to CI	https://github.com/BLAKE3-team/BLAKE3/commit/4011d240cb026a5e1f282438ef50aef701721c28
84	2025-03-22T03:45:21Z	83a60d9da6a44b719e258926e568c203d3b4dd36	oconnor663	Jack O'Connor	Jack O'Connor	macOS-latest runners are now ARM CPUs	https://github.com/BLAKE3-team/BLAKE3/commit/83a60d9da6a44b719e258926e568c203d3b4dd36
85	2025-04-03T19:55:37Z	bafe693a8238803e6abcdba9dce291d209eb82c7	silvanshade	silvanshade	Henrik Gaßmann	Add CI tests for pkg-config	https://github.com/BLAKE3-team/BLAKE3/commit/bafe693a8238803e6abcdba9dce291d209eb82c7
86	2025-04-17T14:53:36Z	70c8fe96a9535e122f8b70777d01aab8ca18fa73	silvanshade	silvanshade	Henrik Gaßmann	Add C++ std lib to pkg-config	https://github.com/BLAKE3-team/BLAKE3/commit/70c8fe96a9535e122f8b70777d01aab8ca18fa73
87	2025-06-01T20:07:53Z	acf7a54fe2c0d616127fb5bc8e68156c173975cf	oconnor663	Jack O'Connor	Jack O'Connor	stop testing target-cpu=i386 on the i686 target triple	https://github.com/BLAKE3-team/BLAKE3/commit/acf7a54fe2c0d616127fb5bc8e68156c173975cf
88	2025-08-13T16:05:04Z	3a90f0f06a429e6ce1d337b28156a75d2a372d7b	oconnor663	Jack O'Connor	Jack O'Connor	bump the MSRV in CI to 1.80.1	https://github.com/BLAKE3-team/BLAKE3/commit/3a90f0f06a429e6ce1d337b28156a75d2a372d7b
89	2026-01-08T17:13:24Z	7d6e242636a9cecb5ba9a5bcfee189ca734b0350	oconnor663	Jack O'Connor	Jack O'Connor	update to the 2024 edition	https://github.com/BLAKE3-team/BLAKE3/commit/7d6e242636a9cecb5ba9a5bcfee189ca734b0350
90	2026-04-24T22:10:28Z	6a45feedc618e45d3e3fd8430887728352295b73	oconnor663	Jack O'Connor	Jack O'Connor	add LTO builds to CI	https://github.com/BLAKE3-team/BLAKE3/commit/6a45feedc618e45d3e3fd8430887728352295b73
91	2026-07-27T16:14:06Z	fc3d0e98e840631c001837363bba77a4f64c48b9	nazar-pc	Nazar Mokrynskyi	Nazar Mokrynskyi	Fix path to Visual Studio toolchain in CI	https://github.com/BLAKE3-team/BLAKE3/commit/fc3d0e98e840631c001837363bba77a4f64c48b9
92	2026-08-03T20:18:40Z	9eac279fd71b79ad9e897a4cffb23ee64acfb6df	oconnor663	Jack O'Connor	Jack O'Connor	use vswhere to find Visual Studio in CI	https://github.com/BLAKE3-team/BLAKE3/commit/9eac279fd71b79ad9e897a4cffb23ee64acfb6df
